 Metamitron-desamino	0	188.0818	Positive		[M+H]+	OUSYWCQYMPDAEO-UHFFFAOYSA-N
 4-Isopropylaniline	0	136.1121	Positive		[M+H]+	LRTFPLFDLJYEKT-UHFFFAOYSA-N
 Metolachlor morpholinone	0	234.1489	Positive		[M+H]+	DVBDYPDVNRJKNJ-UHFFFAOYSA-N
 2,6-Dichlorobenzamide	0	189.9821	Positive		[M+H]+	JHSPCUHPSIUQRB-UHFFFAOYSA-N
 Amitraz	0	294.1965	Positive		[M+H]+	QXAITBQSYVNQDR-UHFFFAOYSA-N
 Ethofumesate-2-keto	0	257.0478	Positive		[M+H]+	CXWYCAYNZXSHTF-UHFFFAOYSA-N
 Trifluralin	0	336.1166	Positive		[M+H]+	ZSDSQXJSNMTJDA-UHFFFAOYSA-N
 2-Methyl-4-amino-6-methoxy-s-triazine	0	141.0771	Positive		[M+H]+	NXFQWRWXEYTOTK-UHFFFAOYSA-N
 Methyl 2-(aminosulfonyl)benzoate	0	216.0325	Positive		[M+H]+	VSOOBQALJVLTBH-UHFFFAOYSA-N
 Metsulfuron-methyl	0	382.0816	Positive		[M+H]+	RSMUVYRMZCOLBH-UHFFFAOYSA-N
 Nicosulfuron	0	411.1081	Positive		[M+H]+	RTCOGUMHFFWOJV-UHFFFAOYSA-N
 Rimsulfuron	0	432.0642	Positive		[M+H]+	MEFOUWRMVYJCQC-UHFFFAOYSA-N
 2-Aminobenzimidazole	0	134.0713	Positive		[M+H]+	JWYUFVNJZUSCSM-UHFFFAOYSA-N
 Dimethenamide ESA	0	322.0777	Positive		[M+H]+	YMYKMSAZEZQEER-UHFFFAOYSA-N
 Irgarol-descyclopropyl	0	214.1121	Positive		[M+H]+	MWWBDLRPMWTLRX-UHFFFAOYSA-N
 Atrazine-desisopropyl	0	174.0541	Positive		[M+H]+	IVENSCMCQBJAKW-UHFFFAOYSA-N
 Diuron-desmethyl	0	219.0086	Positive		[M+H]+	IDQHRQQSSQDLTR-UHFFFAOYSA-N
 N,N-Dimethyl-N'-phenylsulfamide	0	201.0692	Positive		[M+H]+	QCDQDISRALTLNQ-UHFFFAOYSA-N
 Isoproturon-monodemethyl	0	193.1335	Positive		[M+H]+	DOULWWSSZVEPIN-UHFFFAOYSA-N
 Atrazine-desethyl	0	188.0697	Positive		[M+H]+	DFWFIQKMSFGDCQ-UHFFFAOYSA-N
 3-Phenoxybenzoic acid	0	215.0703	Positive		[M+H]+	NXTDJHZGHOFSQG-UHFFFAOYSA-N
 N,N-Dimethyl-N'-p-tolylsulphamide	0	215.0849	Positive		[M+H]+	UDCDOJQOXWCCSD-UHFFFAOYSA-N
 N,N-Dimethylsulfamide	0	125.0379	Positive		[M+H]+	QMHAHUAQAJVBIW-UHFFFAOYSA-N
 Metolachlor ESA	0	330.137	Positive		[M+H]+	CIGKZVUEZXGYSV-UHFFFAOYSA-N
 Propachlor OXA	0	208.0968	Positive		[M+H]+	HYHJOUPYTUBFIX-UHFFFAOYSA-N
 Secbumeton	0	226.1662	Positive		[M+H]+	ZJMZZNVGNSWOOM-UHFFFAOYSA-N
 Sebuthylazine	0	230.1167	Positive		[M+H]+	BZRUVKZGXNSXMB-UHFFFAOYSA-N
 Terbutylazine-desethyl	0	202.0854	Positive		[M+H]+	LMKQNTMFZLAJDV-UHFFFAOYSA-N
 Metazachlor ESA	0	274.1186	Positive		[M+H]+	PHMHHVKFXZNTKU-UHFFFAOYSA-N
 Dimethachlor ESA	0	302.1057	Positive		[M+H]+	RVSCDWJKJDBFRS-UHFFFAOYSA-N
 Pyrimidinol	0	153.1022	Positive		[M+H]+	AJPIUNPJBFBUKK-UHFFFAOYSA-N
 Propazine	0	230.1167	Positive		[M+H]+	WJNRPILHGGKWCK-UHFFFAOYSA-N
 Ephedrine	0	166.1226	Positive		[M+H]+	KWGRBVOPPLSCSI-WPRPVWTQSA-N
 Cyanazine	0	241.0963	Positive		[M+H]+	MZZBPDKVEFVLFF-UHFFFAOYSA-N
 Foramsulfuron	0	453.1187	Positive		[M+H]+	PXDNXJSDGQBLKS-UHFFFAOYSA-N
 Rosuvastatin	0	482.1756	Positive		[M+H]+	BPRHUIZQVSMCRT-YXWZHEERSA-N
 Bupropion	0	240.115	Positive		[M+H]+	SNPPWIUOZRMYNY-UHFFFAOYSA-N
 Candesartan	0	441.167	Positive		[M+H]+	HTQMVQVXFRQIKW-UHFFFAOYSA-N
 Telmisartan	0	515.2442	Positive		[M+H]+	RMMXLENWKUUMAY-UHFFFAOYSA-N
 Atorvastatin	0	559.2603	Positive		[M+H]+	XUKUURHRXDUEBC-KAYWLYCHSA-N
 Cocaine	0	304.1543	Positive		[M+H]+	ZPUCINDJVBIVPJ-LJISPDSOSA-N
 1-(3-Chlorophenyl)piperazine	0	197.084	Positive		[M+H]+	VHFVKMTVMIZMIK-UHFFFAOYSA-N
 1-(3-(Trifluoromethyl)phenyl)piperazine	0	231.1104	Positive		[M+H]+	KKIMDKMETPPURN-UHFFFAOYSA-N
 1-Benzylpiperazine	0	177.1386	Positive		[M+H]+	IQXXEPZFOOTTBA-UHFFFAOYSA-N
 Amitriptyline	0	278.1903	Positive		[M+H]+	KRMDCWKBEZIMAB-UHFFFAOYSA-N
 Amphetamine	0	136.1121	Positive		[M+H]+	KWTSXDURSIMDCE-UHFFFAOYSA-N
 Benzoylecgonine	0	290.1387	Positive		[M+H]+	GVGYEFKIHJTNQZ-UHFFFAOYSA-N
 Dextromethorphan	0	272.2009	Positive		[M+H]+	MKXZASYAUGDDCJ-NJAFHUGGSA-N
 EDDP	0	278.1903	Positive		[M+H]+	AJRJPORIQGYFMT-RMOCHZDMSA-N
 Ketamine	0	238.0993	Positive		[M+H]+	YQEZLKZALYSWHR-UHFFFAOYSA-N
 Mephedrone	0	178.1226	Positive		[M+H]+	YELGFTGWJGBAQU-UHFFFAOYSA-N
 Methadone	0	310.2165	Positive		[M+H]+	USSIQXCVUWKGNF-UHFFFAOYSA-N
 Methamphetamine	0	150.1277	Positive		[M+H]+	MYWUZJCMWCOHBA-VIFPVBQESA-N
 Clozapine	0	327.1371	Positive		[M+H]+	QZUDBNBUXVUHMW-UHFFFAOYSA-N
 Atomoxetine	0	256.1696	Positive		[M+H]+	VHGCDTVCOLNTBX-QGZVFWFLSA-N
 Albuterol	0	240.1594	Positive		[M+H]+	NDAUXUAQIAJITI-UHFFFAOYSA-N
 Amisulpride	0	370.1795	Positive		[M+H]+	NTJOBXMMWNYJFB-UHFFFAOYSA-N
 Clopidogrel carboxylic acid	0	308.0507	Positive		[M+H]+	DCASRSISIKYPDD-UHFFFAOYSA-N
 Dronedarone	0	557.3044	Positive		[M+H]+	ZQTNQVWKHCQYLQ-UHFFFAOYSA-N
 Levamisole	0	205.0794	Positive		[M+H]+	HLFSDGLLUJUHTE-SNVBAGLBSA-N
 Trimipramine	0	295.2169	Positive		[M+H]+	ZSCDBOWYZJWBIY-UHFFFAOYSA-N
 2',3'-di-O-acetyl-5'-deoxy-5-fluorocytidine	0	330.1096	Positive		[M+H]+	NWJBWNIUGNXJGO-RPULLILYSA-N
 Sitagliptin	0	408.1254	Positive		[M+H]+	MFFMDFFZMYYVKS-SECBINFHSA-N
 Erythromycin	0	734.46852	Positive		[M+H]+	ULGZDMOVFRHVEP-RWJQBGPGSA-N
 Laudanosine	0	358.20129	Positive		[M+H]+	KGPAYJZAMGEDIQ-UHFFFAOYSA-N
 Genistein	0	271.06010	Positive		[M+H]+	TZBJGXHYKVUXJN-UHFFFAOYSA-N
 Tyramine	0	138.09134	Positive		[M+H]+	DZGWFCGJZKJUFP-UHFFFAOYSA-N
 4-Methylumbelliferylglucuronide	0	353.08672	Positive		[M+H]+	ARQXEQLMMNGFDU-JHZZJYKESA-N
 Cinchonine	0	295.18049	Positive		[M+H]+	KMPWYEUPVWOPIM-QHQSXHFQSA-N
 Bicuculline	0	368.11287	Positive		[M+H]+	IYGYMKDQCDOMRE-ZWKOTPCHSA-N
 Apomorphine	0	268.13321	Positive		[M+H]+	VMWNQDUVQKEIOC-CYBMUJFWSA-N
 Phenylalanine	0	166.08626	Positive		[M+H]+	COLNVLDHVKWLRT-QMMMGPOBSA-N
 Amentoflavone	0	539.09728	Positive		[M+H]+	YUSWMAULDXZHPY-UHFFFAOYSA-N
 Biochanin_A	0	285.07576	Positive		[M+H]+	WUADCCWRTIWANL-UHFFFAOYSA-N
 Sinapine	0	310.16545	Positive		[M]+	HUJXHFRXWWGYQH-UHFFFAOYSA-O
 Nicotinamide_dinucleotide	0	664.11640	Positive		[M+H]+	BAWFJGJZGIEFAR-NNYOXOHSSA-N
 IAA-Val	0	275.13902	Positive		[M+H]+	AZEGJHGXTSUPPG-AWEZNQCLSA-N
 Salsolinol	0	180.10191	Positive		[M+H]+	IBRKLUSXDYATLG-UHFFFAOYSA-N
 Phlorizin	0	437.14423	Positive		[M+H]+	IOUVKUPGCMBWBT-QNDFHXLGSA-N
 Emetine	0	481.30609	Positive		[M+H]+	AUVVAXYIELKVAI-CKBKHPSWSA-N
 o-Anisic acid	0	153.05462	Positive		[M+H]+	ILUJQPXNXACGAN-UHFFFAOYSA-N
 Harmane	0	183.09168	Positive		[M+H]+	PSFDQSOCUJVVGF-UHFFFAOYSA-N
 (-)-Epicatechin	0	291.08632	Positive		[M+H]+	PFTAWBLQPZVEMU-UKRRQHHQSA-N
 Resveratrol	0	229.08592	Positive		[M+H]+	LUKBXSAWLPMMSZ-OWOJBTEDSA-N
 3,4,5-Trimethoxycinnamic_acid	0	239.09141	Positive		[M+H]+	YTFVRYKNXDADBI-SNAWJCMRSA-N
 Tetrahydropapaveroline	0	288.12303	Positive		[M+H]+	ABXZOXDTHTTZJW-UHFFFAOYSA-N
 Xanthohumol	0	355.15400	Positive		[M+H]+	ORXQGKIUCDPEAJ-YRNVUSSQSA-N
 Berberine	0	336.12358	Positive		[M]+	YBHILYKTIRIUTE-UHFFFAOYSA-N
 Rotenone	0	395.14892	Positive		[M+H]+	JUVIOZPCNVVQFO-HBGVWJBISA-N
 Kinetin	0	216.08799	Positive		[M+H]+	QANMHLXAZMSUEX-UHFFFAOYSA-N
 Indole-3-carboxylic_acid	0	162.05496	Positive		[M+H]+	KMAKOBLIOCQGJP-UHFFFAOYSA-N
 Chelidonine	0	354.13360	Positive		[M+H]+	GHKISGDRQRSCII-UHFFFAOYSA-N
 Rutin	0	611.16067	Positive		[M+H]+	IKGXIBQEEMLURG-NVPNHPEKSA-N
 Adenosine	0	268.10404	Positive		[M+H]+	OIRDTQYFTABQOQ-KQYNXXCUSA-N
 Reserpine	0	609.28066	Positive		[M+H]+	QEVHRUUCFGRFIF-MDEJGZGSSA-N
 Vitexin-2''-O-rhamnoside	0	579.17084	Positive		[M+H]+	LYGPBZVKGHHTIE-HUBYJIGHSA-N
 Bergapten	0	217.04954	Positive		[M+H]+	BGEBZHIAGXMEMV-UHFFFAOYSA-N
 S,R-Noscapine	0	414.15473	Positive		[M+H]+	AKNNEGZIBPJZJG-MSOLQXFVSA-N
 Quercetin	0	303.04993	Positive		[M+H]+	REFJWTPEDVJJIY-UHFFFAOYSA-N
 Kaempferol	0	287.05502	Positive		[M+H]+	IYRMWMYZSQPJKC-UHFFFAOYSA-N
 Tryptophan	0	205.09716	Positive		[M+H]+	QIVBCDIJIAJPQS-VIFPVBQESA-N
 Rifampicin	0	823.41241	Positive		[M+H]+	FZYOVNIOYYPUPY-ZTWDQPHTSA-N
 Naringin	0	581.18649	Positive		[M+H]+	DFPMSGMNTNDNHN-ZPHOTFPESA-N
 Safranin	0	315.16097	Positive		[M]+	WULISCVZERSMML-UHFFFAOYSA-O
 Trans-Zeatin-riboside-O-glucoside	0	514.21438	Positive		[M+H]+	MVMBTNNVZQRZQT-BPDSZQNASA-N
 Tyrosine	0	182.08117	Positive		[M+H]+	OUYCCCASQSFEME-UHFFFAOYSA-N
 Sorbitol	0	183.08632	Positive		[M+H]+	FBPFZTCFMRRESA-JGWLITMVSA-N
 Cis-Zeatin	0	220.11929	Positive		[M+H]+	UZKQTCBAMSWPJD-UQCOIBPSSA-N
 Mannitol	0	183.08632	Positive		[M+H]+	FBPFZTCFMRRESA-KVTDHHQDSA-N
 Trans-Zeatin-9-glucoside	0	382.17212	Positive		[M+H]+	VYRAJOITMBSQSE-HNVSNYHQSA-N
 beta-D-Glucopyranose,1-thio-,1-(5-(methylsulfinyl)-N-(sulfooxy)-4-pentenimidate	0	450.02040	Negative		[M-H]-	URMYQRGDHJRORU-IPQUCONDSA-N
 Arginine	0	175.11896	Positive		[M+H]+	ODKSFYDXXFIFQN-UHFFFAOYSA-N
 Phenylalanine	0	166.08626	Positive		[M+H]+	COLNVLDHVKWLRT-UHFFFAOYSA-N
 Mannose	0	181.07067	Positive		[M+H]+	WQZGKKKJIJFFOK-QTVWNMPRSA-N
 Isopentenyl-Adenine	0	204.12438	Positive		[M+H]+	HYVABZIGRDEKCD-UHFFFAOYSA-N
 Glutamine	0	145.06186	Negative		[M-H]-	ZDXPYRJPNDTMRX-UHFFFAOYSA-N
 DErySphingosine	0	300.28971	Positive		[M+H]+	WWUZIQQURGPMPG-KRWOKUGFSA-N
 Tryptophan	0	203.08260	Negative		[M-H]-	QIVBCDIJIAJPQS-UHFFFAOYSA-N
 Threonine	0	118.05096	Negative		[M-H]-	AYFVYJQAPQTCCC-UHFFFAOYSA-N
 Rhamnose	0	187.05770	Positive		[M+Na]+	PNNNRSAQSRJVSB-BXKVDMCESA-N
 Cyanidin 3-O-[2''-O-(xylosyl)-6''-O-(p-O-(glucosyl)-p-coumaroyl) glucoside] 5-O-glucoside	0	1051	Positive		[M]+	OPWPCWHMCUWCGG-XKYKWVHPSA-O
 DP7	0	1153.38762	Positive		[M+H]+	KDUMGDGPRAORNS-HFHHXGHYSA-N
 Methionine	0	150.05833	Positive		[M+H]+	FFEARJCKVFRZRR-UHFFFAOYSA-N
 Aspartate	0	132.03023	Negative		[M-H]-	CKLJMWTZIZZHCS-UHFFFAOYSA-N
 Trans-Zeatin-o-glucoside	0	382.17212	Positive		[M+H]+	UUPDCCPAOMDMPT-GIHYWFGSSA-N
 Serine	0	106.04987	Positive		[M+H]+	MTCFGRXMJLQNBG-UHFFFAOYSA-N
 Trans-Zeatin-riboside	0	352.16155	Positive		[M+H]+	GOSWTRUMMSCNCW-HNNGNKQASA-N
 Gentiobiose	0	365.10544	Positive		[M+Na]+	DLRVVLDZNNYCBX-LIZSDCNHSA-N
 Valine	0	118.08626	Positive		[M+H]+	KZSNJWFQEVHDMF-UHFFFAOYSA-N
 Cystine	0	241.03113	Positive		[M+H]+	LEVWYRKDKASIDU-UHFFFAOYSA-N
 DErySphinganine	0	300.29080	Negative		[M-H]-	OTKJDMGTUTTYMP-ZWKOTPCHSA-N
 DP5	0	851.26391	Positive		[M+Na]+	UUQINGLDFWYORW-WYJXGQBFSA-N
 Cis-Zeatin-9-glucoside	0	382.17212	Positive		[M+H]+	VYRAJOITMBSQSE-MTQUCLQASA-N
 Isoleucine	0	132.10191	Positive		[M+H]+	AGPKZVBTJJNPAG-UHFFFAOYSA-N
 Proline	0	116.07061	Positive		[M+H]+	ONIBWKKTOPOVIA-UHFFFAOYSA-N
 Trehalose	0	365.10544	Positive		[M+Na]+	HDTRYLNUVZCQOY-LIZSDCNHSA-N
 Glucoalyssin	0	450.05678	Negative		[M-H]-	HUCGRJSHMZWRQQ-LJBAHSCYSA-N
 Glutamate	0	148.06044	Positive		[M+H]+	WHUUTDBJXJRKMK-UHFFFAOYSA-N
 Leucine	0	132.10191	Positive		[M+H]+	ROHFNLRQFUQHCH-UHFFFAOYSA-N
 Galactose	0	198.09722	Positive		[M+NH4]+	WQZGKKKJIJFFOK-SVZMEOIVSA-N
 Lactose	0	343.12350	Positive		[M+H]+	GUBGYTABKSRVRQ-DCSYEGIMSA-N
 Cis-Zeatin-o-glucoside	0	382.17212	Positive		[M+H]+	UUPDCCPAOMDMPT-MTQUCLQASA-N
 Phenazine	0	181.076	Positive		[M+H]+	PCNDJXKNXGMECE-UHFFFAOYSA-N
 Phenanthridine	0	180.0808	Positive		[M+H]+	RDOWQLZANAYVLL-UHFFFAOYSA-N
 2-Chloropyridine	0	114.0105	Positive		[M+H]+	OKDGRDCXVWSXDC-UHFFFAOYSA-N
 1-Methylpyrrole	0	82.0651	Positive		[M+H]+	OXHNLMTVIGZXSG-UHFFFAOYSA-N
 N,N-Dimethylaniline	0	122.0964	Positive		[M+H]+	JLTDJTHDQAWBAV-UHFFFAOYSA-N
 N-Ethylbenzylamin	0	136.1121	Positive		[M+H]+	HVAAHUDGWQAAOJ-UHFFFAOYSA-N
 Isoquinoline	0	130.0651	Positive		[M+H]+	AWJUIBRHMBBTKR-UHFFFAOYSA-N
 2-Chlorobenzonitrile	0	138.0105	Positive		[M+H]+	NHWQMJMIYICNBP-UHFFFAOYSA-N
 Benzimidazole	0	119.0604	Positive		[M+H]+	HYZJCKYKOHLVJF-UHFFFAOYSA-N
 2-Cyano-3-methylpyridine	0	119.0604	Positive		[M+H]+	WBXZCDIZXWDPBL-UHFFFAOYSA-N
 1-Hexylamine	0	102.1277	Positive		[M+H]+	BMVXCPBXGZKUPN-UHFFFAOYSA-N
 4-Amino-2-chloropyridine	0	129.0214	Positive		[M+H]+	BLBDTBCGPHPIJK-UHFFFAOYSA-N
 Myclobutanil	0	289.1215	Positive		[M+H]+	HZJKXKUJVSEEFU-UHFFFAOYSA-N
 1-Naphthonitrile	0	154.0651	Positive		[M+H]+	YJMNOKOLADGBKA-UHFFFAOYSA-N
 3-Aminobenzonitril	0	119.0604	Positive		[M+H]+	NJXPYZHXZZCTNI-UHFFFAOYSA-N
 2-Methylindole	0	132.0808	Positive		[M+H]+	BHNHHSOHWZKFOX-UHFFFAOYSA-N
 1,10-Phenanthroline	0	181.076	Positive		[M+H]+	DGEZNRSVGBDHLK-UHFFFAOYSA-N
 Diphenylamine	0	170.0964	Positive		[M+H]+	DMBHHRLKUKUOEG-UHFFFAOYSA-N
 Dichlorvos	0	220.9532	Positive		[M+H]+	OEBRKCOSUFCWJD-UHFFFAOYSA-N
 Azinphos-methyl	0	318.013	Positive		[M+H]+	CJJOSEISRRTUQB-UHFFFAOYSA-N
 Dimethoate	0	230.0069	Positive		[M+H]+	MCWXGJITAZMZEV-UHFFFAOYSA-N
 Diuron	0	233.0243	Positive		[M+H]+	XMTQQYYKAHVGBJ-UHFFFAOYSA-N
 Isoproturon	0	207.1492	Positive		[M+H]+	PUIYMUZLKQOUOZ-UHFFFAOYSA-N
 Diazinon	0	305.1083	Positive		[M+H]+	FHIVAFMUCKRCQO-UHFFFAOYSA-N
 Chlorotoluron	0	213.0789	Positive		[M+H]+	JXCGFZXSOMJFOA-UHFFFAOYSA-N
 Imazalil	0	297.0556	Positive		[M+H]+	PZBPKYOVPCNPJY-UHFFFAOYSA-N
 Diflufenican	0	395.0813	Positive		[M+H]+	WYEHFWKAOXOVJD-UHFFFAOYSA-N
 Flusilazole	0	316.1076	Positive		[M+H]+	FQKUGOMFVDPBIZ-UHFFFAOYSA-N
 Trifloxystrobin	0	409.137	Positive		[M+H]+	ONCZDRURRATYFI-TVJDWZFNSA-N
 Sulcotrione	0	329.0245	Positive		[M+H]+	PQTBTIFWAXVEPB-UHFFFAOYSA-N
 Propoxycarbazone	0	399.0969	Positive		[M+H]+	JTHMVYBOQLDDIY-UHFFFAOYSA-N
 Thiabendazole	0	202.0433	Positive		[M+H]+	WJCNZQLZVWNLKY-UHFFFAOYSA-N
 Ethofumesate	0	287.0948	Positive		[M+H]+	IRCMYGHHKLLGHV-UHFFFAOYSA-N
 Metamitron	0	203.0927	Positive		[M+H]+	VHCNQEUWZYOAEV-UHFFFAOYSA-N
 Chloridazon	0	222.0429	Positive		[M+H]+	WYKYKTKDBLFHCY-UHFFFAOYSA-N
 Spiroxamine	0	298.2741	Positive		[M+H]+	PUYXTUJWRLOUCW-UHFFFAOYSA-N
 Pyrazophos	0	374.0934	Positive		[M+H]+	JOOMJVFZQRQWKR-UHFFFAOYSA-N
 Simetryn	0	214.1121	Positive		[M+H]+	MGLWZSOBALDPEK-UHFFFAOYSA-N
 Azoxystrobin	0	404.1241	Positive		[M+H]+	WFDXOXNFNRHQEC-GHRIWEEISA-N
 Fenpropimorph	0	304.2635	Positive		[M+H]+	RYAUSSKQMZRMAI-UHFFFAOYSA-N
 Ethion	0	384.9949	Positive		[M+H]+	RIZMRRKBZQXFOY-UHFFFAOYSA-N
 Pirimiphos-methyl	0	306.1036	Positive		[M+H]+	QHOQHJPRIBSPCY-UHFFFAOYSA-N
 Linuron	0	249.0192	Positive		[M+H]+	XKJMBINCVNINCA-UHFFFAOYSA-N
 Terbuthylazine	0	230.1167	Positive		[M+H]+	FZXISNSWEXTPMF-UHFFFAOYSA-N
 Atrazine	0	216.101	Positive		[M+H]+	MXWJVTOOROXGIU-UHFFFAOYSA-N
 Irgarol	0	254.1434	Positive		[M+H]+	HDHLIWCXDDZUFH-UHFFFAOYSA-N
 Propiconazole	0	342.0771	Positive		[M+H]+	STJLVHWMYQXCPB-UHFFFAOYSA-N
 Metazachlor	0	278.1055	Positive		[M+H]+	STEPQTYSZVCJPV-UHFFFAOYSA-N
 Prometryn	0	242.1434	Positive		[M+H]+	AAEVYOVXGOFMJO-UHFFFAOYSA-N
 Chlorfenvinphos	0	358.9768	Positive		[M+H]+	FSAVDKDHPDSCTO-WQLSENKSSA-N
 Pirimicarb	0	239.1503	Positive		[M+H]+	YFGYUFNIOHWBOB-UHFFFAOYSA-N
 Metolachlor	0	284.1412	Positive		[M+H]+	WVQBLGZPHOPPFO-UHFFFAOYSA-N
 Simazine	0	202.0854	Positive		[M+H]+	ODCWYMIRDDJXKW-UHFFFAOYSA-N
 Warfarin	0	309.1121	Positive		[M+H]+	PJVWKTKQMONHTI-UHFFFAOYSA-N
 Tebuconazol	0	308.1524	Positive		[M+H]+	PXMNMQRDXWABCY-UHFFFAOYSA-N
 Thiacloprid	0	253.0309	Positive		[M+H]+	HOKKPVIRMVDYPB-UHFFFAOYSA-N
 Fenuron	0	165.1022	Positive		[M+H]+	XXOYNJXVWVNOOJ-UHFFFAOYSA-N
 Chloroxuron	0	291.0895	Positive		[M+H]+	IVUXTESCPZUGJC-UHFFFAOYSA-N
 Lenacil	0	235.1441	Positive		[M+H]+	ZTMKADLOSYKWCA-UHFFFAOYSA-N
 Ametryn	0	228.1277	Positive		[M+H]+	RQVYBGPQFYCBGX-UHFFFAOYSA-N
 Carbendazim	0	192.0768	Positive		[M+H]+	TWFZGCMQGLPBSX-UHFFFAOYSA-N
 3,4-Dichlorophenylurea	0	204.993	Positive		[M+H]+	CYESCLHCWJKRKM-UHFFFAOYSA-N
 Quinoxyfen	0	308.004	Positive		[M+H]+	WRPIRSINYZBGPK-UHFFFAOYSA-N
 Clomazone	0	240.0786	Positive		[M+H]+	KIEDNEWSYUYDSN-UHFFFAOYSA-N
 Methiocarb	0	226.0896	Positive		[M+H]+	YFBPRJGDJKVWAH-UHFFFAOYSA-N
 Prochloraz	0	376.0381	Positive		[M+H]+	TVLSRXXIMLFWEO-UHFFFAOYSA-N
 Pendimethalin	0	282.1448	Positive		[M+H]+	CHIFOSRWCNZCFN-UHFFFAOYSA-N
 Boscalid	0	343.0399	Positive		[M+H]+	WYEMLYFITZORAB-UHFFFAOYSA-N
 Prothioconazole-desthio	0	312.0665	Positive		[M+H]+	HHUQPWODPBDTLI-UHFFFAOYSA-N
 Pethoxamid	0	296.1412	Positive		[M+H]+	CSWIKHNSBZVWNQ-UHFFFAOYSA-N
 Prosulfocarb	0	252.1417	Positive		[M+H]+	NQLVQOSNDJXLKG-UHFFFAOYSA-N
 Flurtamone	0	334.1049	Positive		[M+H]+	NYRMIJKDBAQCHC-UHFFFAOYSA-N
 Picolinafen	0	377.0908	Positive		[M+H]+	CWKFPEBMTGKLKX-UHFFFAOYSA-N
 Naproxen	0	231.1016	Positive		[M+H]+	CMWTZPSULFXXJA-UHFFFAOYSA-N
 Ciprofloxacin	0	332.1405	Positive		[M+H]+	MYSWGUAQZAJSOK-UHFFFAOYSA-N
 Phenazone	0	189.1022	Positive		[M+H]+	VEQOALNAAJBPNY-UHFFFAOYSA-N
 Bezafibrate	0	362.1154	Positive		[M+H]+	IIBYAHWJQTYFKB-UHFFFAOYSA-N
 Propyphenazon	0	231.1492	Positive		[M+H]+	PXWLVJLKJGVOKE-UHFFFAOYSA-N
 Metoprolol	0	268.1907	Positive		[M+H]+	IUBSYMUCCVWXPE-UHFFFAOYSA-N
 Chloramphenicol	0	323.0196	Positive		[M+H]+	WIIZWVCIJKGZOK-UHFFFAOYSA-N
 Erythromycin	0	734.4685	Positive		[M+H]+	ULGZDMOVFRHVEP-UHFFFAOYSA-N
 Ofloxacin	0	362.1511	Positive		[M+H]+	GSDSWSVVBLHKDQ-UHFFFAOYSA-N
 Atenolol	0	267.1703	Positive		[M+H]+	METKIMKYRPQLGS-UHFFFAOYSA-N
 Propranolol	0	260.1645	Positive		[M+H]+	AQHHHDLHHXJYJD-UHFFFAOYSA-N
 Verapamil	0	455.2904	Positive		[M+H]+	SGTNSNPWRIOYBX-UHFFFAOYSA-N
 4-Acetamidoantipyrin	0	246.1237	Positive		[M+H]+	OIAGWXKSCXPNNZ-UHFFFAOYSA-N
 4-Aminoantipyrin	0	204.1131	Positive		[M+H]+	RLFWWDJHLFCNIJ-UHFFFAOYSA-N
 Diazepam	0	285.0789	Positive		[M+H]+	AAOVKJBEBIDNHE-UHFFFAOYSA-N
 Clarithromycin	0	748.4842	Positive		[M+H]+	AGOYDEPGAOXOCK-CCMVMRRVSA-N
 Ketoprofen	0	255.1016	Positive		[M+H]+	DKYWVDODHFEZIM-UHFFFAOYSA-N
 Sulfamethoxazole	0	254.0594	Positive		[M+H]+	JLKIGFTWXXRPMT-UHFFFAOYSA-N
 Sulfapyridine	0	250.0645	Positive		[M+H]+	GECHUMIMRBOMGK-UHFFFAOYSA-N
 Caffeine	0	195.0877	Positive		[M+H]+	RYYVLZVUVIJVGH-UHFFFAOYSA-N
 2-(2-(Chlorophenyl)amino)benzaldehyde	0	232.0524	Positive		[M+H]+	DAAHPDZFLSFYPJ-UHFFFAOYSA-N
 Acetaminophen	0	152.0706	Positive		[M+H]+	RZVAJINKPMORJF-UHFFFAOYSA-N
 Carbamazepine	0	237.1022	Positive		[M+H]+	FFGPTBGBLSHEPO-UHFFFAOYSA-N
 Diclofenac	0	296.024	Positive		[M+H]+	DCOPUUMXTXDBNB-UHFFFAOYSA-N
 Mefenamic acid	0	242.1176	Positive		[M+H]+	HYYBABOKPJLUIN-UHFFFAOYSA-N
 Primidone	0	219.1128	Positive		[M+H]+	DQMZLTXERSFNPB-UHFFFAOYSA-N
 Enrofloxacin	0	360.1718	Positive		[M+H]+	SPFYMRJSYKOXGV-UHFFFAOYSA-N
 Roxithromycin	0	837.5318	Positive		[M+H]+	RXZBMPWDPOLZGW-XMRMVWPWSA-N
 Pindolol	0	249.1598	Positive		[M+H]+	JZQKKSLKJUAGIC-UHFFFAOYSA-N
 Sulfamethazine	0	279.091	Positive		[M+H]+	ASWVTGNCAZCNNR-UHFFFAOYSA-N
 Ketoconazole	0	531.156	Positive		[M+H]+	XMAYWYJOQHXEEK-OZXSUGGESA-N
 Fluoxetine	0	310.1413	Positive		[M+H]+	RTHCYVBBDHJXIQ-UHFFFAOYSA-N
 Lidocaine	0	235.1805	Positive		[M+H]+	NNJVILVZKWQKPM-UHFFFAOYSA-N
 Tramadol	0	264.1958	Positive		[M+H]+	TVYLLZQTGLZFBW-ZBFHGGJFSA-N
 Dimethylaminophenazone	0	232.1444	Positive		[M+H]+	RMMXTBMQSGEXHJ-UHFFFAOYSA-N
 Lincomycin	0	407.221	Positive		[M+H]+	OJMMVQQUTAEWLP-KIDUDLJLSA-N
 Trimethoprim	0	291.1452	Positive		[M+H]+	IEDVJHCEMCRBQM-UHFFFAOYSA-N
 4-Formyl-antipyrine	0	217.0972	Positive		[M+H]+	QFYZFYDOEJZMDX-UHFFFAOYSA-N
 Crotamiton	0	204.1383	Positive		[M+H]+	DNTGGZPQPQTDQF-XBXARRHUSA-N
 10,11-Dihydro-10,11-dihydroxycarbamazepine	0	271.1077	Positive		[M+H]+	PRGQOPPDPVELEG-UHFFFAOYSA-N
 Cetirizine	0	389.1626	Positive		[M+H]+	ZKLPARSLTMPFCP-UHFFFAOYSA-N
 2-Hydroxycarbamazepine	0	253.0972	Positive		[M+H]+	VPZIYMMSJFWLSP-UHFFFAOYSA-N
 N-Formyl-4-aminoantipyrine	0	232.1081	Positive		[M+H]+	WSJBSKRPKADYRQ-UHFFFAOYSA-N
 Gabapentin	0	172.1332	Positive		[M+H]+	UGJMXCAKCUNAIE-UHFFFAOYSA-N
 Finasteride	0	373.285	Positive		[M+H]+	DBEPLOCGEIEOCV-WSBQPABSSA-N
 Diphenhydramine	0	256.1696	Positive		[M+H]+	ZZVUWRFHKOJYTH-UHFFFAOYSA-N
 Citalopram	0	325.1711	Positive		[M+H]+	WSEQXVZVJXJVFP-UHFFFAOYSA-N
 Creatinine	0	114.0662	Positive		[M+H]+	DDRJAANPRJIHGJ-UHFFFAOYSA-N
 Capecitabine	0	360.1565	Positive		[M+H]+	GAGWJHPBXLXJQN-UORFTKCHSA-N
 Sotalol	0	273.1267	Positive		[M+H]+	ZBMZVLHSJCTVON-UHFFFAOYSA-N
 Estrone	0	271.1693	Positive		[M+H]+	DNXHEGUUPJUMQT-CBZIJGRNSA-N
 2-Hyroxybiphenyl	0	171.0804	Positive		[M+H]+	LLEMOWNGBBNAJR-UHFFFAOYSA-N
 Triethyl citrate	0	277.1282	Positive		[M+H]+	DOOTYTYQINUNNV-UHFFFAOYSA-N
 2-Methylbenzothiazole	0	150.0372	Positive		[M+H]+	DXYYSGDWQCSKKO-UHFFFAOYSA-N
 Phenylbenzimidazolesulfonic acid	0	275.0485	Positive		[M+H]+	UVCJGUGAGLDPAA-UHFFFAOYSA-N
 2-Mercapto benzimidazole	0	151.0324	Positive		[M+H]+	YHMYGUUIMTVXNW-UHFFFAOYSA-N
 Di(ethylhexyl) phthalate	0	391.2843	Positive		[M+H]+	JDFWAYHAYKODRR-UHFFFAOYSA-N
 N-Butylbenzenesulfonamide	0	214.0896	Positive		[M+H]+	IPRJXAGUEGOFGG-UHFFFAOYSA-N
 5-Methyl-1H-benzotriazol	0	134.0713	Positive		[M+H]+	LRUDIIUSNGCQKF-UHFFFAOYSA-N
 Triclocarban	0	314.9853	Positive		[M+H]+	ICUTUKXCWQYESQ-UHFFFAOYSA-N
 Tris(1-chloro-2-propyl)phosphate	0	327.0081	Positive		[M+H]+	KVMPUXDNESXNOH-UHFFFAOYSA-N
 Triphenylphosphine oxid	0	279.0933	Positive		[M+H]+	FIQMHBFVRAXMOP-UHFFFAOYSA-N
 2-Octyl-4-isothiazolin-3-one	0	214.126	Positive		[M+H]+	JPMIIZHYYWMHDT-UHFFFAOYSA-N
 Tris(2-chloroethyl)phosphate	0	284.9612	Positive		[M+H]+	HQUQLFOMPYWACS-UHFFFAOYSA-N
 Monoethyl phthalate	0	195.0652	Positive		[M+H]+	YWWHKOHZGJFMIE-UHFFFAOYSA-N
 2-Benzothiazolsulfonic acid	0	215.9784	Positive		[M+H]+	ZCXGMSGCBDSEOY-UHFFFAOYSA-N
 6a_Methylprednisolone	0	375.21726	Positive		[M+H]+	VHRSUDSXCMQTMA-UHFFFAOYSA-N
 Acepromazine	0	327.15322	Positive		[M+H]+	NOSIYYJFMPDDSA-UHFFFAOYSA-N
 Acetophenazine	0	412.20599	Positive		[M+H]+	FVHDZPDLOWZOOV-UHFFFAOYSA-N
 Adenosine_Diphosphate	0	428.03735	Positive		[M+H]+	XTWYTFMLZFPYCI-UHFFFAOYSA-N
 Adiphenine	0	312.19647	Positive		[M+H]+	JGOAIQNSOGZNBX-UHFFFAOYSA-N
 Alfentanil	0	417.26153	Positive		[M+H]+	IDBPHNDTYPBSNI-UHFFFAOYSA-N
 Amfenac	0	256.09748	Positive		[M+H]+	SOYCMDCMZDHQFP-UHFFFAOYSA-N
 Aminophylline	0	181.07267	Positive		[M+H]+	ZFXYFBGIUFBOJW-UHFFFAOYSA-N
 Ampicillin	0	350.11757	Positive		[M+H]+	AVKUERGKIZMTKX-UHFFFAOYSA-N
 Anileridine	0	353.22302	Positive		[M+H]+	LKYQLAWMNBFNJT-UHFFFAOYSA-N
 Apomorphine	0	268.13387	Positive		[M+H]+	VMWNQDUVQKEIOC-UHFFFAOYSA-N
 Apramycin	0	540.28820	Positive		[M+H]+	XZNUGFQTQHRASN-XZEBHBPDSA-N
 Betaxolol	0	308.22268	Positive		[M+H]+	NWIUTZDMDHAVTP-UHFFFAOYSA-N
 Boldenone_Undecylenate	0	453.33699	Positive		[M+H]+	AHMMSNQYOPMLSX-KEZAGTACSA-N
 Bumetanide	0	365.11723	Positive		[M+H]+	MAEIEVLCKWDQJH-UHFFFAOYSA-N
 Buprenorphine	0	468.31150	Positive		[M+H]+	RMRJXGBAOAMLHD-UHFFFAOYSA-N
 Buspirone	0	386.25572	Positive		[M+H]+	QWCRAEMEVRGPNT-UHFFFAOYSA-N
 Cholesterol	0	387.36281	Positive		[M+H]+	HVYWMOMLDIMFJA-UHFFFAOYSA-N
 Cromolyn	0	469.07720	Positive		[M+H]+	IMZMKUWMOSJXDT-UHFFFAOYSA-N
 Cymarin	0	549.30647	Positive		[M+H]+	XQCGNURMLWFQJR-UHFFFAOYSA-N
 Daunorubicin	0	528.18709	Positive		[M+H]+	STQGQHZAVUOBTE-UHFFFAOYSA-N
 Dextromethorphan	0	272.20155	Positive		[M+H]+	MKXZASYAUGDDCJ-UHFFFAOYSA-N
 Dihydroergotamine	0	584.28741	Positive		[M+H]+	LUZRJRNZXALNLM-UHFFFAOYSA-N
 Dimefline	0	324.16008	Positive		[M+H]+	ZXFQRFXLFWWKLX-UHFFFAOYSA-N
 Diphenoxylate	0	453.25432	Positive		[M+H]+	HYPPXZBJBPSRLK-UHFFFAOYSA-N
 Dobutamine	0	302.17573	Positive		[M+H]+	JRWZLRBJNMZMFE-UHFFFAOYSA-N
 Doxorubicin	0	544.18200	Positive		[M+H]+	AOJJSUZBOXZQNB-UHFFFAOYSA-N
 Drofenine	0	318.24342	Positive		[M+H]+	AGJBLWCLQCKRJP-UHFFFAOYSA-N
 Enalapril	0	377.20776	Positive		[M+H]+	GBXSMTUPTTWBMN-UHFFFAOYSA-N
 Enalaprilat	0	349.17646	Positive		[M+H]+	LZFZMUMEGBBDTC-NWANDNLSSA-N
 Ephedrine	0	166.12330	Positive		[M+H]+	KWGRBVOPPLSCSI-UHFFFAOYSA-N
 Ergocristine	0	610.30306	Positive		[M+H]+	HEFIYUQVAZFDEE-UHFFFAOYSA-N
 Ergoloid_Mesylate	0	592.35001	Positive		[M+H]+	YLXBZBPHTNJZQE-UHFFFAOYSA-N
 Etamiphylline	0	280.17746	Positive		[M+H]+	AWKLBIOQCIORSB-UHFFFAOYSA-N
 Etodolac	0	288.16008	Positive		[M+H]+	NNYBQONXHNTVIJ-UHFFFAOYSA-N
 Fenbendazole	0	300.08079	Positive		[M+H]+	HDDSHPAODJUKPD-UHFFFAOYSA-N
 Fenoterol	0	304.15500	Positive		[M+H]+	LSLYOANBFKQKPT-UHFFFAOYSA-N
 Folic_Acid	0	442.14762	Positive		[M+H]+	OVBPIULPVIDEAO-UHFFFAOYSA-N
 Gallamine	0	511.47141	Positive		[M+H]+	OZLPUNFFCJDMJD-UHFFFAOYSA-N
 Gingerol	0	295.19105	Positive		[M+H]+	NLDDIKRKFXEWBK-UHFFFAOYSA-N
 Hematoporphyrin_I	0	599.28707	Positive		[M+H]+	KFKRXESVMDBTNQ-AMPAVEGJSA-N
 Hydrocortisone	0	363.21726	Positive		[M+H]+	JYGXADMDTFJGBT-UHFFFAOYSA-N
 Hydroxybutorphanol	0	344.22268	Positive		[M+H]+	NCMXKIHJYUFTRL-UHFFFAOYSA-N
 Isoxsuprine	0	302.17573	Positive		[M+H]+	BMUKKTUHUDJSNZ-UHFFFAOYSA-N
 Ketorolac	0	256.09748	Positive		[M+H]+	OZWKMVRBQXNZKK-UHFFFAOYSA-N
 Leucine_Enkephalin	0	556.27724	Positive		[M+H]+	URLZCHNOLZSCCA-UHFFFAOYSA-N
 Mebeverine	0	430.25946	Positive		[M+H]+	VYVKHNNGDFVQGA-UHFFFAOYSA-N
 Meprobamate	0	219.13460	Positive		[M+H]+	NPPQSCRMBWNHMW-UHFFFAOYSA-N
 Methionine_Enkephalin	0	574.23366	Positive		[M+H]+	YFGBQHOOROIVKG-UHFFFAOYSA-N
 Methotrexate	0	455.17926	Positive		[M+H]+	FBOZXECLQNJBKD-UHFFFAOYSA-N
 Methylergonovine	0	340.20262	Positive		[M+H]+	UNBRKDKAWYKMIV-UHFFFAOYSA-N
 Morphine_3_Glucuronide	0	462.17652	Positive		[M+H]+	WAEXKFONHRHFBZ-UHFFFAOYSA-N
 Naltrexone	0	342.17065	Positive		[M+H]+	DQCKKXVULJGBQN-UHFFFAOYSA-N
 Nandrolone	0	275.20122	Positive		[M+H]+	NPAGDVCDWIYMMC-IZPLOLCNSA-N
 Nimesulide	0	309.05463	Positive		[M+H]+	HYWYRSMBCFDLJT-UHFFFAOYSA-N
 Norpropoxyphene	0	326.21212	Positive		[M+H]+	IKACRWYHQXOSGM-UHFFFAOYSA-N
 Noscapine	0	414.15539	Positive		[M+H]+	AKNNEGZIBPJZJG-UHFFFAOYSA-N
 Ormetoprim	0	275.15092	Positive		[M+H]+	KEEYRKYKLYARHO-UHFFFAOYSA-N
 Oxaprozin	0	294.11313	Positive		[M+H]+	OFPXSFXSNFPTHF-UHFFFAOYSA-N
 Oxybutynine	0	358.23833	Positive		[M+H]+	XIQVNETUBQGFHX-UHFFFAOYSA-N
 Oxycodone	0	316.15500	Positive		[M+H]+	BRUQQQPBMZOVGD-UHFFFAOYSA-N
 Oxytetracycline	0	461.15612	Positive		[M+H]+	FYDOORKXBWEKQM-GUQPPTOYSA-N
 Perindopril	0	369.23906	Positive		[M+H]+	IPVQLZZIHOAWMC-QXKUPLGCSA-N
 Piperacetazine	0	411.21074	Positive		[M+H]+	BTFMCMVEUCGQDX-UHFFFAOYSA-N
 Poldine	0	341.19921	Positive		[M+H]+	CQRKVVAGMJJJSR-UHFFFAOYSA-N
 Prazosin	0	384.16729	Positive		[M+H]+	IENZQIKPVFGBNW-UHFFFAOYSA-N
 Prednisolone	0	361.20161	Positive		[M+H]+	OIGNJSKKLXVSLS-UHFFFAOYSA-N
 Prednisolone_Tebutate	0	459.27478	Positive		[M+H]+	HUMXXHTVHHLNRO-UHFFFAOYSA-N
 Prednisone	0	359.18596	Positive		[M+H]+	XOFYZVNMUHMLCC-UHFFFAOYSA-N
 Prolintane	0	218.19099	Positive		[M+H]+	OJCPSBCUMRIPFL-UHFFFAOYSA-N
 Pyrilamine	0	286.19205	Positive		[M+H]+	YECBIJXISLIIDS-UHFFFAOYSA-N
 Remifentanil	0	377.20776	Positive		[M+H]+	ZTVQQQVZCWLTDF-UHFFFAOYSA-N
 Reserpine	0	609.28132	Positive		[M+H]+	QEVHRUUCFGRFIF-UHFFFAOYSA-N
 Rolitetracycline	0	528.23471	Positive		[M+H]+	YHDPWEWZPGTMMU-XZQQPYTISA-N
 Salmeterol	0	416.28020	Positive		[M+H]+	GIIZNNXWQWCKIB-UHFFFAOYSA-N
 Spectinomycin	0	333.16629	Positive		[M+H]+	UNFWWIHTNXNPBV-UHFFFAOYSA-N
 Streptomycin	0	582.27361	Positive		[M+H]+	UCSJYZPVAKXKNQ-HZYVHMACSA-N
 Strychnine	0	335.17607	Positive		[M+H]+	QMGVPVSNSZLJIA-UHFFFAOYSA-N
 Strychnine_N_Oxide	0	351.17098	Positive		[M+H]+	ADTDBAKUQAKBGZ-VXJIXCKJSA-N
 Sufentanil	0	387.21074	Positive		[M+H]+	GGCSSNBKKAUURC-UHFFFAOYSA-N
 Sulfadimethoxine	0	311.08152	Positive		[M+H]+	ZZORFUFYDOWNEF-UHFFFAOYSA-N
 Sulfasalazine	0	399.07643	Positive		[M+H]+	OQANPHBRHBJGNZ-FYJGNVAPSA-N
 Taurocholate	0	516.29961	Positive		[M+H]+	WBWWGRHZICKQGZ-XWWYUOLUSA-N
 Tenoxicam	0	338.02704	Positive		[M+H]+	WZWYJBNHTWCXIM-JLHYYAGUSA-N
 Terbutaline	0	226.14443	Positive		[M+H]+	XWTYSIMOBUGWOL-UHFFFAOYSA-N
 Terfenadine	0	472.32167	Positive		[M+H]+	GUGOEEXESWIERI-UHFFFAOYSA-N
 Testosterone_Propionate	0	345.24308	Positive		[M+H]+	PDMMFKSKQVNJMI-PPRDLICTSA-N
 Tetracaine	0	265.19172	Positive		[M+H]+	GKCBAIGFKIBETG-UHFFFAOYSA-N
 Tetracycline	0	445.16121	Positive		[M+H]+	JYHCQVWYCGHXGP-ZHZULCJRSA-N
 Tetramisole	0	205.08006	Positive		[M+H]+	HLFSDGLLUJUHTE-UHFFFAOYSA-N
 Theobromine	0	181.07267	Positive		[M+H]+	YAPQBXQYLJRXSA-UHFFFAOYSA-N
 Thiethylperazine	0	400.18823	Positive		[M+H]+	XCTYLCDETUVOIP-UHFFFAOYSA-N
 Thioridazine	0	371.16168	Positive		[M+H]+	KLBQZWRITKRQQV-UHFFFAOYSA-N
 Thiothixene	0	444.17806	Positive		[M+H]+	GFBKORZTTCHDGY-UWVJOHFNSA-N
 Thonizide	0	511.43759	Positive		[M]+	IOYZYMQFUSNATM-UHFFFAOYSA-N
 Tripelennamine	0	256.18149	Positive		[M+H]+	UFLGIAIHIAPJJC-UHFFFAOYSA-N
 Vecuronium	0	557.43183	Positive		[M]+	BGSZAXLLHYERSY-XQIGCQGXSA-N
 Cytisine	0	191.1179	Positive		[M+H]+	ANJTVLIZGCUXLD-DTWKUNHWSA-N
 Methyllycaconitine	0	683.3538	Positive		[M+H]+	XLTANAWLDBYGFU-UHFFFAOYSA-N
 1-(2,3-dibenzimidazol-2-ylpropyl)-2-methoxybenzene	0	383.1867	Positive		[M+H]+	FQFJIJMMCVBRBL-UHFFFAOYSA-N
 2-{2-benzimidazol-2-yl-1-[(4-methylphenyl)methyl]ethyl}benzimidazole	0	367.1917	Positive		[M+H]+	GAODIMGJPXDDHA-UHFFFAOYSA-N
 Foliosidine	0	308.1493	Positive		[M+H]+	IUPYLWAXGAJZQC-UHFFFAOYSA-N
 Skimmianine	0	260.0918	Positive		[M+H]+	SLSIBLKBHNKZTB-UHFFFAOYSA-N
 Bucharaine	0	332.1857	Positive		[M+H]+	PBWIOAMUZKICDN-JLHYYAGUSA-N
 9-methoxy-2,2-dimethyl-6-hydro-2H-pyrano[5,6-c]quinolin-5-one	0	258.1125	Positive		[M+H]+	IXRKDGGGFFCRIR-UHFFFAOYSA-N
 1,2,6,6,10,17,20-heptamethyl-12-oxo-17-[(2-piperidylethyl)oxycarbonyl]pentacyclo[12.8.0.0<2,11>.0<5,10>.0<15,20>]docos-13-en-7-yl acetate	0	624.4623	Positive		[M+H]+	VDHYPSXGMGKEHS-UHFFFAOYSA-N
 (19R)-9-acetyl-19-hydroxy-10,14-dimethyl-20-oxopentacyclo[11.8.0.0<2,10>.0<4,9 >.0<14,19>]henicos-17-yl acetate	0	467.2768	Positive		[M+Na]+	DMAXEADUOQCSHM-UHFFFAOYSA-N
 N-phenyl[(9,11,13-trimethyl-8,15-dioxatetracyclo[10.2.2.0<2,7>.0<9,14>]hexadec a-2(7),3,5-trien-12-yl)methoxy]carboxamide	0	406.2024	Negative		[M-H]-	UONFBIWUOHBYQS-UHFFFAOYSA-N
 Harmaline	0	215.1179	Positive		[M+H]+	QJOZJXNKVMFAET-UHFFFAOYSA-N
 Riboflavin	0	377.1456	Positive		[M+H]+	AUNGANRZJHBGPY-UHFFFAOYSA-N
 (+)-Cinchonine	0	295.1810	Positive		[M]+	KMPWYEUPVWOPIM-UHFFFAOYSA-O
 Aspidocarpine	0	371.2329	Positive		[M+H]+	CITPXCNSMZMNIW-UHFFFAOYSA-N
 Papaverine	0	340.1544	Positive		[M+H]+	XQYZDYMELSJDRZ-UHFFFAOYSA-N
 Kojic acid	0	141.0193	Negative		[M-H]-	BEJNERDRQOWKJM-UHFFFAOYSA-N
 Loline	0	155.1179	Positive		[M+H]+	OPMNROCQHKJDAQ-KTUCCBJNSA-N
 Sparteine	0	235.2169	Positive		[M+H]+	SLRCCWJSBJZJBV-UHFFFAOYSA-N
 Rutine	0	611.1607	Positive		[M+H]+	IKGXIBQEEMLURG-UHFFFAOYSA-N
 Luteolin-7-glucoside	0	449.1079	Positive		[M+H]+	PEFNSGRTCBGNAN-UHFFFAOYSA-N
 Luteolin	0	287.0550	Positive		[M+H]+	IQPNAANSBPBGFQ-UHFFFAOYSA-N
 Pinocembrine	0	257.0809	Positive		[M+H]+	URFCJEUYXNAHFI-CYBMUJFWSA-N
 7-acetyloxy-2-(3,4-diacetyloxyphenyl)-4-oxochromen-5-yl acetate	0	455.0973	Positive		[M+H]+	MABQMQKDSPCURQ-UHFFFAOYSA-N
 2-(3,4-diacetyloxyphenyl)-4-oxo-7-[3,4,5-triacetyloxy-6-(acetyloxymethyl)(2H-3 ,4,5,6-tetrahydropyran-2-yloxy)]chromen-5-yl acetate	0	743.1818	Positive		[M+H]+	JDAPIOVVXOAJOM-UHFFFAOYSA-N
 Glabranine	0	325.1435	Positive		[M+H]+	DAWSYIQAGQMLFS-UHFFFAOYSA-N
 Ricinine	0	165.0659	Positive		[M+H]+	PETSAYFQSGAEQY-UHFFFAOYSA-N
 Fraxetin	0	209.0445	Positive		[M+H]+	HAVWRBANWNTOJX-UHFFFAOYSA-N
 Sissotrine	0	447.1286	Positive		[M+H]+	LFEUICHQZGNOHD-UHFFFAOYSA-N
 Daphnoretin	0	353.0656	Positive		[M+H]+	JRHMMVBOTXEHGJ-UHFFFAOYSA-N
 Capensine	0	277.1071	Positive		[M+H]+	QJZRVRVZRIXGMR-UHFFFAOYSA-N
 Formononetin	0	269.0809	Positive		[M+H]+	HKQYGTCOTHHOMP-UHFFFAOYSA-N
 Amorphigenin	0	411.1439	Positive		[M+H]+	ZJMLELXRQUXRIU-HBGVWJBISA-N
 5-(6-acetyloxy-3,5,7-trimethoxy-4-oxochromen-2-yl)-2-methoxyphenyl acetate	0	459.1286	Positive		[M+H]+	FWZKNPRCZCUJMQ-UHFFFAOYSA-N
 6a,12a-Didehydroamorphigenin	0	409.1282	Positive		[M+H]+	ZHDJHNSKUYZDCF-UHFFFAOYSA-N
 {3,4,5-triacetyloxy-6-[5-acetyloxy-3-(4-methoxyphenyl)-4-oxochromen-6-yloxy]-2 H-3,4,5,6-tetrahydropyran-2-yl}methyl acetate	0	657.1814	Positive		[M+H]+	RFTHIXXAUSTEOS-UHFFFAOYSA-N
 Kynurenic Acid	0	190.0499	Positive		[M+H]+	HCZHHEIFKROPDY-UHFFFAOYSA-N
 Protopine	0	354.1336	Positive		[M+H]+	GPTFURBXHJWNHR-UHFFFAOYSA-N
 7,3'-Dihydroxyflavone	0	255.0652	Positive		[M+H]+	DYARIVMCYYQNNQ-UHFFFAOYSA-N
 Mycophenolic acid	0	321.1333	Positive		[M+H]+	HPNSFSBZBAHARI-UHFFFAOYSA-N
 7,8-Benzoflavone	0	273.0910	Positive		[M+H]+	VFMMPHCGEFXGIP-UHFFFAOYSA-N
 Usnic acid	0	343.0823	Negative		[M-H]-	CUCUKLJLRRAKFN-UHFFFAOYSA-N
 Pimaric acid	0	301.2173	Negative		[M-H]-	MHVJRKBZMUDEEV-UHFFFAOYSA-N
 Biotin	0	245.0955	Positive		[M+H]+	YBJHBAHKTGYVGT-UHFFFAOYSA-N
 Fisetin	0	287.0550	Positive		[M+H]+	XHEFDIBZLJXQHF-UHFFFAOYSA-N
 Hesperetin	0	303.0863	Positive		[M+H]+	AIONOLUJZLIMTK-UHFFFAOYSA-N
 Nicergoline	0	484.1231	Positive		[M+H]+	YSEXMKHXIOCEJA-UHFFFAOYSA-N
 6-Methylflavonol	0	253.0859	Positive		[M+H]+	KLGALCMPMFKGDQ-UHFFFAOYSA-N
 Karanjin	0	293.0809	Positive		[M+H]+	LKPQNZRGGNOPPU-UHFFFAOYSA-N
 Curcumine	0	367.1187	Negative		[M-H]-	VFLDPWHFBUODDF-FCXRPNKRSA-N
 3,7,4'-Trihydroxyflavone	0	271.0601	Positive		[M+H]+	OBWHQJYOOCRPST-UHFFFAOYSA-N
 3,3'-Dihydroxyflavone	0	255.0652	Positive		[M+H]+	QZESEGHSLFKZIV-UHFFFAOYSA-N
 3-Hydroxy-3'-methoxyflavone	0	269.0809	Positive		[M+H]+	GYLGASXCHFNKHD-UHFFFAOYSA-N
 2'-Hydroxy-a-naphthoflavone	0	289.0859	Positive		[M+H]+	ZKMLQDNHMSFULN-UHFFFAOYSA-N
 7-Hydroxy-3-Methylflavone	0	251.0713	Negative		[M-H]-	SUNCCQBNDWHMPR-UHFFFAOYSA-N
 Eserine	0	276.1707	Positive		[M+H]+	PIJVFDBKTWXHHD-UHFFFAOYSA-N
 Vincamine	0	355.2016	Positive		[M+H]+	RXPRRQLKFXBCSJ-UHFFFAOYSA-N
 Scopoletin	0	193.0496	Positive		[M+H]+	RODXRVNMMDRFIK-UHFFFAOYSA-N
 (1,2,9,10-tetramethoxy-6-methyl-5,6,6a,7-tetrahydro-4H-dibenzo[de,g]quinolin-3-yl)methanol	0	386.1962	Positive		[M+H]+	FRSRMZNTUGSNRW-UHFFFAOYSA-N
 Quinine	0	325.1911	Positive		[M+H]+	LOUPRKONTZGTKE-UHFFFAOYSA-N
 Dehydroabietylamine	0	286.2529	Positive		[M+H]+	JVVXZOOGOGPDRZ-UHFFFAOYSA-N
 Yohimbinic acid	0	339.1714	Negative		[M-H]-	AADVZSXPNRLYLV-UHFFFAOYSA-N
 Nordihydroguaiaretic acid	0	301.1445	Negative		[M-H]-	HCZKYJDFEPMADG-UHFFFAOYSA-N
 Abietic acid	0	301.2173	Negative		[M-H]-	RSWGJHLUYNHPMX-ONCXSQPRSA-N
 Cyclocytidine	0	226.0823	Positive		[M+H]+	BBDAGFIXKZCXAH-UHFFFAOYSA-N
 Sinomenine	0	330.1700	Positive		[M+H]+	INYYVPJSBIVGPH-QHRIQVFBSA-N
 Brucine	0	395.1966	Positive		[M+H]+	RRKTZKIUPZVBMF-UHFFFAOYSA-N
 Isocorydine	0	342.1700	Positive		[M+H]+	QELDJEKNFOQJOY-UHFFFAOYSA-N
 Hydroquinidine	0	327.2067	Positive		[M+H]+	LJOQGZACKSYWCH-UHFFFAOYSA-N
 Camptothecin	0	349.1183	Positive		[M+H]+	VSJKWCGYPAHWDS-UHFFFAOYSA-N
 Apigenin	0	271.0601	Positive		[M+H]+	KZNIFHPLKGYRTM-UHFFFAOYSA-N
 Griseofulvin	0	353.0787	Positive		[M+H]+	DDUHZTYCFQRHIY-UHFFFAOYSA-N
 Sclareol	0	331.2607	Positive		[M+Na]+	XVULBTBTFGYVRC-HHUCQEJWSA-N
 Moroxydine	0	172.1193	Positive		[M+H]+	KJHOZAZQWVKILO-UHFFFAOYSA-N
 Esculin	0	341.0867	Positive		[M+H]+	XHCADAYNFIFUHF-UHFFFAOYSA-N
 Rauwolscine	0	355.2016	Positive		[M+H]+	BLGXFZZNTVWLAY-DIRVCLHFSA-N
 Hydrocinchonine	0	297.1962	Positive		[M+H]+	WFJNHVWTKZUUTR-UHFFFAOYSA-N
 Santonin	0	247.1329	Positive		[M+H]+	XJHDMGJURBVLLE-UHFFFAOYSA-N
 Dihydroergocristine	0	612.3181	Positive		[M+H]+	DEQITUUQPICUMR-UHFFFAOYSA-N
 Enoxolone	0	471.3469	Positive		[M+H]+	MPDGHEJMBKOTSU-UHFFFAOYSA-N
 Gibberellic Acid	0	345.1343	Negative		[M-H]-	IXORZMNAPKEEDV-UHFFFAOYSA-N
 Abscisic acid	0	263.1289	Negative		[M-H]-	JLIDBLDQVAYHNE-UHFFFAOYSA-N
 Retrorsine	0	352.1755	Positive		[M+H]+	BCJMNZRQJAVDLD-UHFFFAOYSA-N
 Ajmaline	0	327.2067	Positive		[M+H]+	CJDRUOGAGYHKKD-UHFFFAOYSA-N
 Kinetin-9-riboside	0	348.1303	Positive		[M+H]+	CAGLGYNQQSIUGX-SDBHATRESA-N
 Austricine	0	263.1278	Positive		[M+H]+	YMUOZXZDDBRJEP-UHFFFAOYSA-N
 Digoxigenin	0	391.2479	Positive		[M+H]+	SHIBSTMRCDJXLN-KCZCNTNESA-N
 Etoposide	0	589.1916	Positive		[M+H]+	VJJPUSNTGOMMGY-UHFFFAOYSA-N
 Colchicine	0	400.1755	Positive		[M+H]+	IAKHMKGGTNLKSZ-UHFFFAOYSA-N
 (-)-Bilobalide	0	325.0929	Negative		[M-H]-	MOLPUWBMSBJXER-UHFFFAOYSA-N
 Cotinine	0	177.1023	Positive		[M+H]+	UIKROCXWUNQSPJ-UHFFFAOYSA-N
 Corynanthine	0	355.2016	Positive		[M+H]+	BLGXFZZNTVWLAY-DKJBZYCGSA-N
 Phloretin	0	275.0914	Positive		[M+H]+	VGEREEWJJVICBM-UHFFFAOYSA-N
 Phloridzin	0	435.1296	Negative		[M-H]-	IOUVKUPGCMBWBT-UHFFFAOYSA-N
 Ginkgolide B	0	423.1296	Negative		[M-H]-	SQOJOAFXDQDRGF-UHFFFAOYSA-N
 Oleanolic acid	0	455.3530	Negative		[M-H]-	MIJYXULNPSFWEK-UHFFFAOYSA-N
 Atropine	0	290.1751	Positive		[M+H]+	RKUNBYITZUJHSG-UHFFFAOYSA-N
 Fusaric acid	0	180.1019	Positive		[M+H]+	DGMPVYSXXIOGJY-UHFFFAOYSA-N
 Hydrastine	0	384.1442	Positive		[M+H]+	JZUTXVTYJDCMDU-UHFFFAOYSA-N
 Ginkgolide A	0	409.1493	Positive		[M+H]+	FPUXKXIZEIDQKW-UHFFFAOYSA-N
 Capsaicin	0	306.2064	Positive		[M+H]+	YKPUWZUDDOIDPM-UHFFFAOYSA-N
 (+/-)-Catechin	0	289.0717	Negative		[M-H]-	PFTAWBLQPZVEMU-UHFFFAOYSA-N
 Picrotoxinin	0	293.1020	Positive		[M+H]+	PIMZUZSSNYHVCU-UHFFFAOYSA-N
 Resveratrol	0	229.0859	Positive		[M+H]+	LUKBXSAWLPMMSZ-UHFFFAOYSA-N
 Hesperidin	0	611.1971	Positive		[M+H]+	QUQPHWDTPGMPEX-UHFFFAOYSA-N
 Psoralen	0	187.0390	Positive		[M+H]+	ZCCUUQDIBDJBTK-UHFFFAOYSA-N
 Naringenin	0	273.0758	Positive		[M+H]+	FTVWIRXFELQLPI-UHFFFAOYSA-N
 Jasmonic acid	0	211.1329	Positive		[M+H]+	ZNJFBWYDHIGLCU-UHFFFAOYSA-N
 Mangostin	0	411.1802	Positive		[M+H]+	GNRIZKKCNOBBMO-UHFFFAOYSA-N
 Bergamottin	0	339.1591	Positive		[M+H]+	DBMJZOMNXBSRED-UHFFFAOYSA-N
 Picrotin	0	309.0980	Negative		[M-H]-	RYEFFICCPKWYML-UHFFFAOYSA-N
 Melatonin	0	233.1285	Positive		[M+H]+	DRLFMBDRBRZALE-UHFFFAOYSA-N
 Cycloheximide	0	282.1700	Positive		[M+H]+	YPHMISFOHDHNIV-UHFFFAOYSA-N
 Rotenone	0	395.1489	Positive		[M+H]+	JUVIOZPCNVVQFO-UHFFFAOYSA-N
 Asiatic acid	0	511.3394	Positive		[M+Na]+	JXSVIVRDWWRQRT-UHFFFAOYSA-N
 Caffeic acid	0	179.0350	Negative		[M-H]-	QAIPRVGONGVQAS-UHFFFAOYSA-N
 (+)-Bicuculline	0	368.1129	Positive		[M+H]+	IYGYMKDQCDOMRE-UHFFFAOYSA-N
 Pergolide	0	315.1890	Positive		[M+H]+	YEHCICAEULNIGD-MZMPZRCHSA-N
 7-amino-8-(2,4-dihydroxy-6-methylphenyl)-1,9-dimethyl-3H-phenoxazin-3-one	0	363.1340	Positive		[M+H]+	NNZHGEUZKBYASA-UHFFFAOYSA-N
 Dihydrocapsaicin	0	308.2220	Positive		[M+H]+	XJQPQKLURWNAAH-UHFFFAOYSA-N
 Tectochrysin	0	269.0809	Positive		[M+H]+	IRZVHDLBAYNPCT-UHFFFAOYSA-N
 Seneciphylline	0	334.1649	Positive		[M+H]+	FCEVNJIUIMLVML-UHFFFAOYSA-N
 N-acetylcytisine	0	233.1285	Positive		[M+H]+	WCRIKJOQMRFVPX-UHFFFAOYSA-N
 Cryptopine	0	370.1649	Positive		[M+H]+	XPOJSWHIKCNLEQ-UHFFFAOYSA-N
 (6aS)-1,2,9,10-tetramethoxy-6-methyl-5,6,6a,7-tetrahydro-4H-dibenzo[de,g]quinoline-3-carbaldehyde	0	384.1806	Positive		[M+H]+	CLSKRRFGIZCINS-INIZCTEOSA-N
 N-methylcorydaldine	0	222.1125	Positive		[M+H]+	BDIZBBGNYDRCCA-UHFFFAOYSA-N
 8-benzyl-9,10-dimethoxy-5,8-dihydro-6H-[1,3]dioxolo[4,5-g]isoquino[3,2-a]isoquinoline	0	428.1857	Positive		[M+H]+	NCGZRLGSEHVTTI-UHFFFAOYSA-N
 Lagochiline	0	357.2636	Positive		[M+H]+	XYPPDQHBNJURHU-UHFFFAOYSA-N
 8-Benzylcanadine	0	430.2013	Positive		[M+H]+	SKWMDAJIQZJZKL-UHFFFAOYSA-N
 Oxoglaucine	0	352.1180	Positive		[M+H]+	ZYKCETVKVRJFGD-UHFFFAOYSA-N
 1,2,9,10-tetramethoxy-6-methyl-5,6-dihydro-4H-dibenzo[de,g]quinoline-7-carbaldehyde	0	382.1649	Positive		[M+H]+	IXHDNZKSQDEGGB-UHFFFAOYSA-N
 Abrine	0	219.1128	Positive		[M+H]+	CZCIKBSVHDNIDH-UHFFFAOYSA-N
 7-Methoxyisoflavone	0	253.0859	Positive		[M+H]+	IECSQLKWZBEUGA-UHFFFAOYSA-N
 Acacetin	0	285.0758	Positive		[M+H]+	DANYIYRPLHHOCZ-UHFFFAOYSA-N
 4'-Methoxyflavonol	0	269.0809	Positive		[M+H]+	IIBBFGMVMNZMGA-UHFFFAOYSA-N
 phenyl(1,2,9,10-tetramethoxy-6-methyl-5,6-dihydro-4H-dibenzo[de,g]quinolin-7-yl)methanone	0	458.1962	Positive		[M+H]+	MYSNZENUPZGNLK-UHFFFAOYSA-N
 Sumaresinolic acid	0	471.3480	Negative		[M-H]-	KLHSKTMVSOWVLD-UHFFFAOYSA-N
 alpha-Codeimethine	0	314.1751	Positive		[M+H]+	ZOCTZZQDDXGIRB-UHFFFAOYSA-N
 Tuberostemonine	0	376.2483	Positive		[M+H]+	GYOGHROCTSEKDY-UHFFFAOYSA-N
 9-{6-[(6,7-dimethoxy-2-methyl-1,2,3,4-tetrahydroisoquinolin-1-yl)methyl]-2,3-dimethoxyphenoxy}-1,2,10-trimethoxy-6-methyl-5,6,6a,7-tetrahydro-4H-dibenzo[de,g]quinoline	0	697.3484	Positive		[M+H]+	UNAWQKTWGFQKSW-UHFFFAOYSA-N
 Podophyllotoxin	0	415.1388	Positive		[M+H]+	YJGVMLPVUAXIQN-UHFFFAOYSA-N
 Pinocembrin	0	257.0809	Positive		[M+H]+	URFCJEUYXNAHFI-UHFFFAOYSA-N
 11-(2-bromo-3,6-dimethoxyphenyl)-3,3-dimethyl-2,3,4-trihydro-5H,10H,11H-benzo[ b]benzo[2,1-f]1,4-diazepin-1-one	0	457.1122	Positive		[M+H]+	AHTIKTYAZWVOGR-UHFFFAOYSA-N
 4-hydroxy-2,5,5,9-tetramethylcycloundeca-2,9-dienyl 4-hydroxybenzoate	0	381.2036	Positive		[M+Na]+	JDZBITULCWBIMC-UHFFFAOYSA-N
 Anisomycin	0	266.1387	Positive		[M+H]+	YKJYKKNCCRKFSL-UHFFFAOYSA-N
 trans-Zeatin-riboside	0	352.1616	Positive		[M+H]+	GOSWTRUMMSCNCW-UHFFFAOYSA-N
 methyl (2S,13bS,14aS,1R,4aR)-2-hydroxy-1,2,3,4,5,8,14,13b,14a,4a-decahydrobenz o[1,2-g]indolo[2,3-a]quinolizinecarboxylate	0	355.2022	Positive		[M]+	BLGXFZZNTVWLAY-SCYLSFHTSA-O
 Homoharringtonine	0	546.2698	Positive		[M+H]+	HYFHYPWGAURHIV-UHFFFAOYSA-N
 Canadine	0	340.1544	Positive		[M+H]+	VZTUIEROBZXUFA-UHFFFAOYSA-N
 Vinpocetine	0	351.2067	Positive		[M+H]+	DDNCQMVWWZOMLN-UHFFFAOYSA-N
 Solasodine	0	414.3367	Positive		[M+H]+	KWVISVAMQJWJSZ-UHFFFAOYSA-N
 Paclitaxel	0	854.3383	Positive		[M+H]+	RCINICONZNJXQF-UHFFFAOYSA-N
 Animicin A	0	547.2661	Negative		[M-H]-	UIFFUZWRFRDZJC-UHFFFAOYSA-N
 Chloramphenicol	0	323.0196	Positive		[M+H]+	WIIZWVCIJKGZOK-RKDXNWHRSA-N
 8-Methoxypsoralen	0	217.0496	Positive		[M+H]+	QXKHYNVANLEOEG-UHFFFAOYSA-N
 Cholic acid	0	431.2768	Positive		[M+Na]+	BHQCQFFYRZLCQQ-UHFFFAOYSA-N
 Glucuronic acid	0	193.0354	Negative		[M-H]-	AEMOLEFTQBMNLQ-UHFFFAOYSA-N
 Chenodeoxycholic acid	0	391.2854	Negative		[M-H]-	RUDATBOHQWOJDD-UHFFFAOYSA-N
 Cytidine	0	244.0928	Positive		[M+H]+	UHDGCWIWMRVCDJ-UHFFFAOYSA-N
 Demecolcine	0	372.1806	Positive		[M+H]+	NNJPGOLRFBJNIW-UHFFFAOYSA-N
 Rhein	0	285.0394	Positive		[M+H]+	FCDLCPWAQCPTKC-UHFFFAOYSA-N
 Primuliten	0	239.0703	Positive		[M+H]+	IYBLVRRCNVHZQJ-UHFFFAOYSA-N
 Thymidine	0	241.0830	Negative		[M-H]-	IQFYYKKMVGJFEH-UHFFFAOYSA-N
 Citrulline	0	176.1030	Positive		[M+H]+	RHGKLRLOHDJJDR-UHFFFAOYSA-N
 Harmine	0	213.1023	Positive		[M+H]+	BXNJHAXVSOCGBA-UHFFFAOYSA-N
 Chrysin	0	255.0652	Positive		[M+H]+	RTIXKCRFFJGDFG-UHFFFAOYSA-N
 Shikimic acid	0	173.0455	Negative		[M-H]-	JXOHGGNKMLTUBP-UHFFFAOYSA-N
 Histidine	0	156.0768	Positive		[M+H]+	HNDVDQJCIGZPNO-UHFFFAOYSA-N
 Salicin	0	285.0980	Negative		[M-H]-	NGFMICBWJRZIBI-UHFFFAOYSA-N
 Hematoxylin	0	301.0717	Negative		[M-H]-	WZUVPPKBWHMQCE-UHFFFAOYSA-N
 Lithocholic acid	0	375.2904	Negative		[M-H]-	SMEROWZSTRWXGI-UHFFFAOYSA-N
 Epinephrine	0	184.0968	Positive		[M+H]+	UCTWMZQNUQWSLP-UHFFFAOYSA-N
 Panthenol	0	206.1387	Positive		[M+H]+	SNPLKNRPJHDVJA-UHFFFAOYSA-N
 Chrysophanic acid	0	255.0652	Positive		[M+H]+	LQGUBLBATBMXHT-UHFFFAOYSA-N
 Naringin	0	579.1719	Negative		[M-H]-	DFPMSGMNTNDNHN-UHFFFAOYSA-N
 Digitoxin	0	823.4480	Negative		[(M+CH3COOH)-H]-	WDJUZGPOPHTGOT-UHFFFAOYSA-N
 Linolenic acid	0	277.2173	Negative		[M-H]-	DTOSIQBPPRVQHS-UHFFFAOYSA-N
 2'-Deoxycytidine 5'-monophosphate	0	308.0642	Positive		[M+H]+	NCMVOABPESMRCP-UHFFFAOYSA-N
 6,7-Dimethoxy-4-methylcoumarin	0	221.0809	Positive		[M+H]+	GBYDSYPGGDKWGZ-UHFFFAOYSA-N
 Daphnoretine Acetate	0	395.0762	Positive		[M+H]+	JGZOXTSCOZGQNQ-UHFFFAOYSA-N
 Hippuric acid	0	178.0509	Negative		[M-H]-	QIAFMBKCNZACKA-UHFFFAOYSA-N
 Deoxycholic acid methyl ester	0	465.3216	Negative		[(M+CH3COOH)-H]-	ZHUOOEGSSFNTNP-UHFFFAOYSA-N
 Oxitriptan 1	0	221.0921	Positive		[M+H]+	LDCYZAJDBXYCGN-VIFPVBQESA-N
 Nebularine	0	253.0932	Positive		[M+H]+	MRWXACSTFXYYMV-UHFFFAOYSA-N
 2'-Deoxyadenosine	0	252.1091	Positive		[M+H]+	OLXZPDWKRNYJJZ-UHFFFAOYSA-N
 5-Ethyl-2'-deoxyuridine	0	257.1132	Positive		[M+H]+	XACKNLSZYYIACO-UHFFFAOYSA-N
 Flindersine	0	228.1019	Positive		[M+H]+	PXNMNABLQWUMCX-UHFFFAOYSA-N
 5,3'-Dihydroxyflavone	0	255.0652	Positive		[M+H]+	SZMQXDYEGKRZDG-UHFFFAOYSA-N
 Dihydroquercetin	0	305.0656	Positive		[M+H]+	CXQWRCVTCMQVQX-UHFFFAOYSA-N
 7-methoxy-4-methylcoumarin	0	191.0703	Positive		[M+H]+	UDFPKNSWSYBIHO-UHFFFAOYSA-N
 2',3',6-Trimethoxyflavone	0	313.1071	Positive		[M+H]+	JAJRYQVSBTWNTH-UHFFFAOYSA-N
 6-Methylflavone	0	237.0910	Positive		[M+H]+	NOQJBXPAMJLUSS-UHFFFAOYSA-N
 Orcinol	0	123.0451	Negative		[M-H]-	OIPPWFOQEKKFEE-UHFFFAOYSA-N
 5-Methyltryptamine	0	175.1230	Positive		[M+H]+	PYOUAIQXJALPKW-UHFFFAOYSA-N
 Sophoricoside	0	433.1129	Positive		[M+H]+	ISQRJFLLIDGZEP-UHFFFAOYSA-N
 2',4-Dihydroxychalcone	0	241.0859	Positive		[M+H]+	FGPJTMCJNPRZGF-JXMROGBWSA-N
 DL-Thioctic acid	0	205.0362	Negative		[M-H]-	AGBQKNBQESQNJD-UHFFFAOYSA-N
 Himbacine	0	346.2741	Positive		[M+H]+	FMPNFDSPHNUFOS-UHFFFAOYSA-N
 Sennoside	0	885.1848	Positive		[M+Na]+	IPQVTOJGNYVQEO-UHFFFAOYSA-N
 Dehydrocholic acid	0	403.2479	Positive		[M+H]+	OHXPGWPVLFPUSM-UHFFFAOYSA-N
 Coumarin	0	147.0441	Positive		[M+H]+	ZYGHJZDHTFUPRJ-UHFFFAOYSA-N
 11-(phenylcarbonyl)-7,11-diazatricyclo[7.3.1.0<2,7>]trideca-2,4-dien-6-one	0	295.1441	Positive		[M+H]+	HODDQHCNQOBZKP-UHFFFAOYSA-N
 1,7,7-trimethylbicyclo[2.2.1]hept-2-yl 4-hydroxy-3-methoxybenzoate	0	305.1748	Positive		[M+H]+	KTOAGBIQQPGNIR-UHFFFAOYSA-N
 2',3'-Dideoxythymidine	0	227.1027	Positive		[M+H]+	XKKCQTLDIPIRQD-UHFFFAOYSA-N
 6-Hydroxy-4-methylcoumarin, 6-Hydroxy-4-methyl-2-benzopyrone	0	177.0546	Positive		[M+H]+	IRUHWRSITUYICV-UHFFFAOYSA-N
 7-Benzyloxytryptamine	0	267.1492	Positive		[M+H]+	JOYGWYISRWPUIM-UHFFFAOYSA-N
 3-(4,6-dipyrrolidin-1-yl-1,3,5-triazin-2-yl)-1,2,3,4,5,6-hexahydro-8H-1,5-methanopyrido[1,2-a][1,5]diazocin-8-one, 11-(4,6-dipyrrolidinyl-1,3,5-triazin-2-yl)-7,11-diazatricyclo[7.3.1.0<2,7>]tri deca-2,4-dien-6-one	0	408.2507	Positive		[M+H]+	NZPAMSHQYRPUFB-UHFFFAOYSA-N
 7-chloro-4-methyl-2-oxochromen-6-yl propanoate	0	267.0419	Positive		[M+H]+	GFMFCUGMHTWVTG-UHFFFAOYSA-N
 Peracetate Quercetin	0	513.1028	Positive		[M+H]+	JQUHMSXLZZWRHU-UHFFFAOYSA-N
 3-Hydroxy-3',4'-Dimethoxyflavone	0	299.0914	Positive		[M+H]+	BXLAVJWSFYZDPF-UHFFFAOYSA-N
 Reserpiline	0	381.1820	Negative		[M-H]-	KXEMQEGRZWUKJS-UHFFFAOYSA-N
 2'-O-Methylcytidine	0	258.1085	Positive		[M+H]+	RFCQJGFZUQFYRF-UHFFFAOYSA-N
 2-(6-amino-8-sulfanylpurin-9-yl)-5-(hydroxymethyl)oxolane-3,4-diol	0	300.0761	Positive		[M+H]+	QILZVYQRHGBEAR-UHFFFAOYSA-N
 N-Allyladenosine	0	308.1354	Positive		[M+H]+	WTYYPLSFICPDGL-UHFFFAOYSA-N
 2-[6-(diethylamino)purin-9-yl]-5-(hydroxymethyl)oxolane-3,4-diol	0	324.1667	Positive		[M+H]+	AVNJCDRLZOVEDM-UHFFFAOYSA-N
 5-Bromo-2'-deoxyuridine	0	304.9778	Negative		[M-H]-	WOVKYSAHUYNSMH-UHFFFAOYSA-N
 Histidylserine	0	243.1088	Positive		[M+H]+	KRBMQYPTDYSENE-UHFFFAOYSA-N
 N-alpha-(tert-Butoxycarbonyl)-L-histidine	0	256.1292	Positive		[M+H]+	AYMLQYFMYHISQO-UHFFFAOYSA-N
 2',3'-Dideoxyadenosine	0	236.1142	Positive		[M+H]+	WVXRAFOPTSTNLL-UHFFFAOYSA-N
 5'-Iodo-5'-deoxyadenosine	0	378.0058	Positive		[M+H]+	FUWWLIOFNXNKQR-UHFFFAOYSA-N
 Dichlorobenzimidazole Riboside, DRB (5,6-Dichloro-1-b-D-ribofuranosylbenzimidazole)	0	319.0247	Positive		[M+H]+	XHSQDZXAVJRBMX-UHFFFAOYSA-N
 2',6-Dihydroxyflavanone	0	257.0809	Positive		[M+H]+	JMSUEPQZGKBECJ-UHFFFAOYSA-N
 2',6-Dihydroxyflavone	0	255.0652	Positive		[M+H]+	YCGXYGWBHFKQHY-UHFFFAOYSA-N
 2-(4-chlorophenyl)-1-(2,4,6-trihydroxyphenyl)ethanone	0	279.0419	Positive		[M+H]+	POUZLUJYBWGJJO-UHFFFAOYSA-N
 5,7-Dimethoxy-4-methylcoumarin	0	221.0809	Positive		[M+H]+	WFSKVHPOKPQJSU-UHFFFAOYSA-N
 5-Methoxyflavanone	0	255.1016	Positive		[M+H]+	YLLFUILNISGLHO-UHFFFAOYSA-N
 7-Hydroxy-3'-methoxyflavone	0	269.0809	Positive		[M+H]+	PTXIWVJSAQPKEY-UHFFFAOYSA-N
 5,7-Dimethoxyflavanone	0	285.1122	Positive		[M+H]+	IAFBOKYTDSDNHV-UHFFFAOYSA-N
 3',6-Dimethylflavone	0	251.1067	Positive		[M+H]+	JAFAHOKDGKCLNO-UHFFFAOYSA-N
 8-Geranyloxy psoralen	0	339.1591	Positive		[M+H]+	SOVNCTNQAWWYAQ-UHFFFAOYSA-N
 Histidinol	0	142.0975	Positive		[M+H]+	ZQISRDCJNBUVMM-UHFFFAOYSA-N
 6-Fluoro-DL-tryptophan	0	223.0878	Positive		[M+H]+	YMEXGEAJNZRQEH-UHFFFAOYSA-N
 Haploperoside C	0	501.1603	Positive		[M+H]+	FCIZPHNZRNLUJD-UHFFFAOYSA-N
 Haploperozide	0	647.2182	Positive		[M+H]+	LLQBCHODNVGKSF-UHFFFAOYSA-N
 6-methoxy-2-oxo-2H-chromen-7-yl 2-O-acetyl-6-O-(6-deoxyhexopyranosyl)hexopyranoside	0	543.1709	Positive		[M+H]+	VJPARTQOILTISJ-UHFFFAOYSA-N
 3-[(4-methylphenyl)sulfonyl]-1,2,3,4,5,6-hexahydro-8H-1,5-methanopyrido[1,2-a][1,5]diazocin-8-one, 11-[(4-methylphenyl)sulfonyl]-7,11-diazatricyclo[7.3.1.0<2,7>]trideca-2,4-dien -6-one	0	345.1268	Positive		[M+H]+	IEMDPPNEUUFQGC-UHFFFAOYSA-N
 3-{[(7-methoxy-2-oxochromen-4-yl)methyl]methylamino}propanenitrile	0	273.1234	Positive		[M+H]+	FMDMLXZPCLVWSQ-UHFFFAOYSA-N
 3(2'-Chlorophenyl)-7-ethoxycoumarin	0	301.0626	Positive		[M+H]+	GIFPGRLKDGPYAR-UHFFFAOYSA-N
 4',7-Dimethoxy-3-hydroxyflavone	0	299.0914	Positive		[M+H]+	IFHXSMSQHPVVSF-UHFFFAOYSA-N
 3(4'-Chlorophenyl)-4,6-dimethylcoumarin	0	285.0677	Positive		[M+H]+	RGNMXSPMIDBLKW-UHFFFAOYSA-N
 6-Bromo-3'-methylflavone	0	315.0015	Positive		[M+H]+	VNLPVWHRKKWDQB-UHFFFAOYSA-N
 Trifolirhizin	0	447.1286	Positive		[M+H]+	VGSYCWGXBYZLLE-UHFFFAOYSA-N
 haploside D	0	683.1818	Positive		[M+H]+	LLPAOCBYQCXXKS-UHFFFAOYSA-N
 Pectolinarin	0	623.1971	Positive		[M+H]+	DUXQKCCELUKXOE-UHFFFAOYSA-N
 Limocitrin	0	347.0762	Positive		[M+H]+	IBXCKSUZOFKGSB-UHFFFAOYSA-N
 Chrysoeriol	0	301.0707	Positive		[M+H]+	SCZVLDHREVKTSH-UHFFFAOYSA-N
 Thermopsoside, crotonoyl	0	531.1497	Positive		[M+H]+	OAZSPRBLFZZMMR-ONEGZZNKSA-N
 Justicidin B	0	365.1020	Positive		[M+H]+	RTDRYYULUYRTAN-UHFFFAOYSA-N
 Orobole 7-O-Glucoside, Acetate	0	743.1818	Positive		[M+H]+	WSMQBJMPWPNLTJ-UHFFFAOYSA-N
 Genistein -7-O-Glc-Xyl, Acetate	0	901.2397	Positive		[M+H]+	PWNURKDPPRSGQU-UHFFFAOYSA-N
 L-Cysteic acid	0	170.0118	Positive		[M+H]+	XVOYSCVBGLVSOL-UHFFFAOYSA-N
 Esculetin	0	179.0339	Positive		[M+H]+	ILEDWLMCKZNDJK-UHFFFAOYSA-N
 3-(2-Naphthyl)-D-alanine	0	216.1019	Positive		[M+H]+	JPZXHKDZASGCLU-UHFFFAOYSA-N
 Liquiritin	0	419.1337	Positive		[M+H]+	DEMKZLAVQYISIA-UHFFFAOYSA-N
 Demethoxycentaureidin 7-O-rutinoside	0	639.1920	Positive		[M+H]+	PYPKJBUJNZMSTH-UHFFFAOYSA-N
 3,7-Dihydroxy-3',4'-dimethoxyflavone	0	315.0863	Positive		[M+H]+	LTSJJOKAWSCMBC-UHFFFAOYSA-N
 11-(6-{[2-(3,4-dimethoxyphenyl)ethyl]amino}-4-chloro-1,3,5-triazin-2-yl)-7,11- diazatricyclo[7.3.1.0<2,7>]trideca-2,4-dien-6-one	0	483.1906	Positive		[M+H]+	DRVRFMGQMHIZLI-UHFFFAOYSA-N
 Haploperoside C Acetate	0	753.2237	Positive		[M+H]+	SRRSXTUHQTVABO-UHFFFAOYSA-N
 Piperine	0	286.1438	Positive		[M+H]+	MXXWOMGUGJBKIW-UHFFFAOYSA-N
 3',7-Dimethoxy-3-hydroxyflavone	0	299.0914	Positive		[M+H]+	PFMGWOVPHHEHAL-UHFFFAOYSA-N
 1,9-dimethyluric acid	0	197.0669	Positive		[M+H]+	UARKDOLETOEBCU-UHFFFAOYSA-N
 4'-hydroxyflavanone	0	241.0859	Positive		[M+H]+	ZLHVIYHWWQYJID-UHFFFAOYSA-N
 6-Ethoxy-3(4'-hydroxyphenyl)-4-methylcoumarin	0	297.1122	Positive		[M+H]+	MOBDZHABRVPJCH-UHFFFAOYSA-N
 3(2'-Chlorophenyl)-7-hydroxy-4-phenylcoumarin	0	349.0626	Positive		[M+H]+	JBSCMIAEEWZQBR-UHFFFAOYSA-N
 11-alpha-Acetoxyprogesterone	0	373.2374	Positive		[M+H]+	IWRPVTXREVYBHT-UHFFFAOYSA-N
 Rubone	0	375.1439	Positive		[M+H]+	VHCQVGQULWFQTM-UHFFFAOYSA-N
 Genipin	0	225.0768	Negative		[M-H]-	AZKVWQKMDGGDSV-UHFFFAOYSA-N
 6-Bromo-2-naphthyl-beta-D-galactopyranoside	0	383.0136	Negative		[M-H]-	NLRXQZJJCPRATR-UHFFFAOYSA-N
 5-Methylcytidine	0	258.1085	Positive		[M+H]+	ZAYHVCMSTBRABG-UHFFFAOYSA-N
 N2-Isobutyryl-2'-deoxyguanosine	0	338.1459	Positive		[M+H]+	SIDXEQFMTMICKG-DJLDLDEBSA-N
 Vitexin-2"-rhamnoside	0	579.1709	Positive		[M+H]+	LYGPBZVKGHHTIE-UHFFFAOYSA-N
 N4-Anisoyl-2'-deoxycytidine	0	362.1347	Positive		[M+H]+	ZASFNFUJGOZQBW-NEJHNUGDSA-N
 4-Hydroxy-2',3,4',6'-tetramethoxychalcone	0	345.1333	Positive		[M+H]+	BAHHZVVNFAOLAZ-SOFGYWHQSA-N
 3,4,2',4',6'-Pentamethoxychalcone	0	359.1489	Positive		[M+H]+	TVKGYMYAOVADOP-SOFGYWHQSA-N
 2',5-Dimethoxyflavone	0	283.0965	Positive		[M+H]+	QNKIRTADURZGPG-UHFFFAOYSA-N
 5-Hydroxy-3'-methoxyflavone	0	269.0809	Positive		[M+H]+	IPQOBEBHJDIMQR-UHFFFAOYSA-N
 Ipriflavone	0	281.1172	Positive		[M+H]+	SFBODOKJTYAUCM-UHFFFAOYSA-N
 N2-Isobutyryl-5'-O-(4,4'-dimethoxytrityl)-2'-deoxyguanosine	0	640.2766	Positive		[M+H]+	RMQXDNUKLIDXOS-UHFFFAOYSA-N
 Coumarin 106	0	282.1489	Positive		[M+H]+	LLSRPENMALNOFW-UHFFFAOYSA-N
 3,4-Dihydroxy-L-phenylalanine	0	198.0761	Positive		[M+H]+	WTDRDQBEARUVNC-UHFFFAOYSA-N
 Ouabain	0	585.2906	Positive		[M+H]+	LPMXVESGRSUGHW-HBYQJFLCSA-N
 8-Chlro-1-tetrahydronorharmanone	0	221.0476	Positive		[M+H]+	ILCLBYYAGZLAGC-UHFFFAOYSA-N
 4'-Hydroxy-5,7-dimethoxyflavanone	0	301.1071	Positive		[M+H]+	REBBZOCNEVVAPX-UHFFFAOYSA-N
 Icariin	0	677.2440	Positive		[M+H]+	TZJALUIVHRYQQB-UHFFFAOYSA-N
 Robinetin trimethyl ether	0	345.0969	Positive		[M+H]+	NJNGYVOYOVPWBB-UHFFFAOYSA-N
 3-Hydroxy-3',4',5'-trimethoxyflavone	0	329.1020	Positive		[M+H]+	MWFLTXAQDCOKEK-UHFFFAOYSA-N
 Carbobenzoxy-L-asparagine	0	265.0830	Negative		[M-H]-	FUCKRCGERFLLHP-SECBINFHSA-N
 (S)-(-)-Perillic acid	0	165.0921	Negative		[M-H]-	CDSMSBUVCWHORP-MRVPVSSYSA-N
 Kaempferide	0	299.0561	Negative		[M-H]-	SQFSKOYWJBQGKQ-UHFFFAOYSA-N