ion m/z,annotation
50.0043,
50.2807,
50.4272,
50.4732,
50.5736,
50.8674,
50.9839,
51.0250,Methanol [M+F]-
51.1619,
51.4522,
52.4869,
53.0155,
53.4657,
53.4839,
53.5257,
53.6159,
53.6750,
53.8255,
53.9719,
53.9967,Hydroxylamine [M.H/Na-H]-
54.1215,
54.2731,
54.4249,
54.5548,
55.0194,2-Propyn-1-ol [M-H]-
55.0485,
55.1708,
55.3240,
55.4756,
55.5366,
55.6275,
55.7091,
55.7788,
55.8642,
55.9286,
56.0139,
56.0791,
56.0950,
56.2314,
56.3638,
56.3821,
56.4772,
56.5348,
56.8375,
56.9615,
56.9992,
57.0350,Acetone [M-H]-
57.0612,
57.3038,
57.4570,
57.5135,
57.6090,
57.7595,
57.9778,Thiocyanate [M-H]-
58.0322,Aminoacetaldehyde [M-H]-
58.5266,
58.9934,Propynoate [M+F [CORR]]-
59.0148,Acetate [M-H]-
59.1423,
59.5870,
59.6208,
59.7771,
60.0181,Acetate [M+1  M-H]-
60.0439,Ethanolamine [M-H]-
60.1057,
60.9881,Carbonic acid [M-H]-
61.3256,
61.8082,
61.9894,Nitrate [M-H]-
62.2319,
62.3649,
62.3898,
62.4532,
62.6096,
62.7763,
62.8543,
63.0957,
63.3973,
64.0301,
64.3751,
64.5356,
64.5662,
64.6995,
64.7835,
64.8603,
64.9504,
65.0189,
65.0470,
65.1106,
65.1818,
65.2726,
65.3415,
65.5047,
65.5465,
65.6665,
65.8289,
65.9941,
66.0341,
66.6458,
66.8103,
67.0307,
67.0564,Isoprene [M-H]-
68.0505,
68.2617,
68.8845,
68.9961,Propynoate [M-H]-
69.0343,3-Butyn-1-ol [M-H]-
70.0000,Propynoate [M+1  M-H]-
70.0306,
70.0581,
70.1017,
70.9237,
71.0144,Methylglyoxal [M-H]-
71.0503,Butanal [M-H]-
71.0770,
71.1148,
71.8897,
71.9328,
72.0156,
72.0483,Aminoacetone [M-H]-
72.1248,
72.4577,
72.9940,Glyoxylate [M-H]-
73.0296,Propanoate [M-H]-
73.7977,
74.0023,
74.0274,Glycine [M-H]-
74.0514,
74.1673,
74.3367,
74.4349,
74.6021,
74.6765,
74.7736,
74.8169,
74.8495,
74.9423,
74.9659,
75.0089,Glycolate [M-H]-
75.0437,"Propane-1,2-diol [M-H]-"
75.1922,
75.3276,
75.3631,
75.5359,
76.9614,
76.9836,
78.0352,Aminoacetaldehyde [M+F]-
78.0632,
78.2762,
78.9382,
78.9593,
79.0185,Acetate [M+F]-
79.7950,
79.9577,HSO3- [M-H]-
80.9516,
80.9816,
81.0135,
81.0342,Ethylene glycol [M+F]-
81.7358,
81.9533,
81.9815,
82.0304,
82.9784,
83.0142,3-Butynoate [M-H]-
83.0493,
84.0094,
84.0469,Acetone cyanohydrin [M-H]-
84.3423,
84.5252,
84.5880,
84.6255,
84.8067,
84.9911,
85.0072,
85.0295,Diacetyl [M-H]-
85.0655,
85.1502,
85.2474,
85.4241,
85.5173,
85.6071,
85.7741,
85.7912,
85.9864,
86.0255,Dehydroalanine [M-H]-
86.0619,
86.8606,
86.9875,
87.0090,Pyruvate [M-H]-
87.0676,
87.0940,Putrescine [M-H]-
87.1234,
87.3459,
87.8444,
88.0134,Pyruvate [M+1  M-H]-
88.0406,L-Alanine [M-H]-
88.0999,
89.0028,Propynoate [M+F]-
89.0244,Glycerone [M-H]-
89.0460,2-Aminophenol [M+1  M-H [CORR]]-
89.1667,
89.2069,
89.2471,
89.3254,
89.9182,
90.0280,Glycerone [M+1  M-H]-
90.0583,
90.9990,
91.0405,Glycerol [M-H]-
91.0544,Toluene [M-H]-
92.0482,Aniline [M-H]-
92.3110,
92.5223,
92.7881,
92.9279,"cis,cis-Muconate [M-H [CORR]]-"
92.9506,
93.0182,
93.0446,
94.8581,
94.9250,"3-(3,4-Dihydroxyphenyl)pyruvate [M+F [CORR]]-"
94.9556,
94.9811,
95.0146,Protoanemonin [M-H]-
95.0480,1-Butanol [M.H/Na-H]-
95.3491,
95.3763,
95.5356,
95.6151,
95.7259,
95.8489,
96.1886,
96.3169,
96.3721,
96.9224,
96.9699,Orthophosphate [M-H]-
97.1328,
97.3875,
97.9177,
97.9760,
98.0244,
98.0606,(2R)-2-Hydroxy-2-methylbutanenitrile [M-H]-
98.9721,
99.0080,
99.0815,Cyclohexanol [M-H]-
99.1278,
99.9256,
99.9716,
100.0124,
100.0406,1-Aminocyclopropane-1-carboxylate [M-H]-
100.0722,5-Aminopentanal [M-H]-
100.1240,
100.9019,
100.9334,
100.9679,
101.0019,
101.0239,2-Oxobutanoate [M-H]-
101.0932,
101.9685,
101.9902,
102.0306,Benzonitrile [M-H]-
102.0554,4-Aminobutanoate [M-H]-
102.9384,Maleamate [M+F [CORR]]-
102.9558,"cis,cis-Muconate [M-H [CORR]]-"
102.9753,
103.0155,Urea-1-carboxylate [M-H]-
103.0395,(R)-3-Hydroxybutanoate [M-H]-
103.0906,Cyclohexane [M+F]-
103.1099,
103.1656,
103.1924,
103.2329,
103.4409,
103.6321,
104.0100,
104.0428,(R)-3-Hydroxybutanoate [M+1  M-H]-
104.0833,
104.2155,
104.8850,
104.9544,"3-(3,4-Dihydroxyphenyl)pyruvate [M+F [CORR]]-"
104.9991,
105.0195,D-Glycerate [M-H]-
105.0537,
105.0785,
106.0110,
106.0296,Nitrosobenzene [M-H]-
106.0413,
106.0650,
106.4773,
106.5844,
106.7855,
106.8653,
106.9806,
107.0367,Adenine [M-H [CORR]]-
107.0852,
107.1068,
107.1767,
107.2598,
107.4634,
107.6498,
107.9975,Propynoate [M+F [CORR]]-
108.0215,Catechol [M-H [CORR]]-
108.0455,2-Aminophenol [M-H]-
108.0756,
108.1115,
108.8771,
108.9025,"3-(3,4-Dihydroxyphenyl)pyruvate [M+F [CORR]]-"
108.9921,Oxalate [M+F]-
109.0041,Benzonitrile [M-H [CORR]]-
109.0293,Catechol [M-H]-
109.0490,2-Aminophenol [M+1  M-H]-
109.1575,
109.1851,
109.2298,
109.2490,
109.3588,
109.9539,
109.9677,
110.0322,Catechol [M+1  M-H]-
110.0569,
110.1006,
110.8987,
110.9780,
111.0189,Uracil [M-H]-
111.0457,"cis-1,2-Dihydrobenzene-1,2-diol [M-H]-"
111.0767,
111.0987,
111.1434,
111.1737,
111.9143,
111.9473,
112.0169,
112.0400,1-Pyrroline-2-carboxylate [M-H]-
112.0737,epsilon-Caprolactam [M-H]-
112.1133,
112.9389,
112.9858,Acetylenedicarboxylate [M-H]-
113.0224,"2-Hydroxy-2,4-pentadienoate [M-H]-"
113.0599,2-Hydroxycyclohexan-1-one [M-H]-
113.7632,
113.9258,
113.9435,
113.9889,Acetylenedicarboxylate [M+1  M-H]-
114.0558,L-Proline [M-H]-
114.0873,
114.1262,
114.3901,
114.9367,
114.9826,
114.9932,Fumarate [M-H [CORR]]-
115.0040,Fumarate [M-H]-
115.0401,3-Methyl-2-oxobutanoic acid [M-H]-
115.4491,
115.9205,
116.0088,Fumarate [M+1  M-H]-
116.0505,Indole [M-H]-
116.0713,L-Valine [M-H]-
116.1426,
116.1556,
116.1671,
116.2046,
116.2328,
116.2670,
116.5222,
116.9268,
116.9529,Maleamate [M+F [CORR]]-
116.9939,Propynoate [M+F [CORR]]-
117.0196,Succinate [M-H]-
117.0543,Indole [M+1  M-H]-
117.7907,
117.9253,
117.9812,
118.0229,Succinate [M+1  M-H]-
118.0551,L-Threonine [M-H]-
118.2649,
118.2979,
118.3114,
118.5218,
118.7304,
118.8111,
118.9242,"Indole-5,6-quinone [M-H [CORR]]-"
118.9469,
118.9914,
119.0348,Purine [M-H]-
119.0867,Cyclohexanol [M+F]-
119.1683,
119.2199,
119.4374,
119.9259,
120.0429,Benzamide [M-H]-
120.0667,
120.2022,
120.2277,
120.9105,
120.9472,
120.9721,
120.9959,3-Mercaptolactate [M-H]-
121.0399,Nicotinamide [M-H]-
121.0680,(S)-1-Phenylethanol [M-H]-
121.9567,
121.9989,3-Mercaptolactate [M+1  M-H]-
122.0247,Nicotinate [M-H]-
122.0581,5-Aminopentanal [M.H/Na-H]-
122.9689,
123.3105,
123.9687,
124.0225,
124.0397,3-Hydroxyaminophenol [M-H]-
124.1709,
124.9332,
124.9661,Phosphonoformate [M-H]-
125.0001,2-Hydroxyethylphosphonate [M-H]-
125.0342,Thymine [M-H]-
125.0664,
125.0967,
125.1700,
125.9785,
126.0032,2-Hydroxyethylphosphonate [M+1  M-H]-
126.0288,
126.0558,"(S)-2,3,4,5-Tetrahydropyridine-2-carboxylate [M-H]-"
126.0895,N-Cyclohexylformamide [M-H]-
126.9062,
127.0009,D-Glycerate [M.H/Na-H]-
127.0245,
127.0488,"5,6-Dihydrothymine [M-H]-"
127.0731,Cyclohexane-1-carboxylate [M-H]-
127.1298,
127.3218,
127.3850,
127.9759,
128.0088,Benzonitrile [M-H [CORR]]-
128.0351,4-Oxoproline [M-H]-
128.2036,
128.2438,
128.4542,
128.9338,
128.9752,Formylphosphonate [M+F]-
129.0185,"2,5-Dioxopentanoate [M-H]-"
129.0559,4-Methyl-2-oxopentanoate [M-H]-
129.0915,
129.1316,
129.1948,
129.2228,
129.2687,
129.4137,
130.0870,L-Leucine [M-H]-
130.2563,
130.3187,
130.7430,
130.9301,
130.9580,
130.9921,Hydroxymethylphosphonate [M+F]-
131.0118,Oxalureate [M-H]-
131.0351,Glutarate [M-H]-
131.0707,(R)-3-Hydroxybutanoate [M-H [CORR]]-
131.1470,
131.2135,
131.3783,
131.4650,
131.9149,
131.9911,
132.0301,L-Aspartate [M-H]-
132.0502,Mandelonitrile [M-H]-
132.0727,
132.3763,
132.8975,
132.9232,
132.9453,
132.9968,(S)-Malate [M-H [CORR]]-
133.0138,(S)-Malate [M-H]-
133.0500,Deoxyribose [M-H]-
133.2839,
133.3254,
133.3638,
133.4025,
133.9235,
134.0246,Maleamate [M+F]-
134.0476,Adenine [M-H]-
134.2204,
134.4049,
134.8949,"Indole-5,6-quinone [M-H [CORR]]-"
134.9181,4-Oxoproline [M-H [CORR]]-
134.9456,
134.9846,
135.0318,Hypoxanthine [M-H]-
135.0463,Toluate [M-H]-
136.0401,Anthranilate [M-H]-
136.0774,Tyramine [M-H]-
136.1464,
136.1821,
136.8925,
136.9210,
136.9612,
136.9845,Fumarate [M-H [CORR]]-
137.0244,4-Hydroxybenzoate [M-H]-
137.0704,"L-2,4-Diaminobutanoate [M+F]-"
137.1026,
137.1654,
137.9918,
138.0250,Propynoate [M+F [CORR]]-
138.0560,L-Threonine [M+F]-
138.0759,2-Aminophenol [M+1  M-H [CORR]]-
138.9179,
138.9576,
139.0011,cis-4-Carboxymethylenebut-2-en-4-olide [M-H]-
139.0217,2-Aminophenol [M+1  M-H [CORR]]-
139.0557,Phenylacetaldehyde [M+F]-
139.4410,
139.9623,
140.0070,cis-4-Carboxymethylenebut-2-en-4-olide [M+1  M-H]-
140.0349,"6-Oxo-1,4,5,6-tetrahydronicotinate [M-H]-"
140.0722,
140.1013,
140.9599,
141.0164,"cis,cis-Muconate [M-H]-"
141.0901,
141.1589,
141.9396,
141.9599,
141.9845,
142.0205,"cis,cis-Muconate [M+1  M-H]-"
142.0505,
142.0854,4-(Trimethylammonio)but-2-enoate [M-H]-
142.1228,
142.9409,
142.9557,
142.9603,
142.9889,Phosphonoacetaldehyde [M+F]-
143.0083,
143.0350,"2,3-Dimethylmaleate [M-H]-"
143.1074,
143.1806,
143.4336,
143.5564,
143.6409,
143.9841,
144.0449,3-Hydroxyaminophenol [M+F]-
144.0659,4-Acetamidobutanoate [M-H]-
144.1024,
144.1500,Spermidine [M-H]-
144.9222,
144.9629,
144.9902,"2-Hydroxy-1,4-benzoquinone [M.H/Na-H]-"
145.0139,2-Oxoglutarate [M-H]-
145.0588,L-Glutamine [M-H]-
145.0975,L-Lysine [M-H]-
145.1998,
145.2452,
145.2944,
145.3406,
145.4382,
146.0027,
146.0203,"Indole-5,6-quinone [M-H]-"
146.0461,L-Glutamate [M-H]-
146.0673,2-Aminophenol [M+1  M-H [CORR]]-
146.6944,
146.9592,Propynoate [M+F [CORR]]-
146.9842,"cis,cis-Muconate [M-H [CORR]]-"
147.0300,2-Dehydro-3-deoxy-L-arabinonate [M-H]-
147.0446,trans-Cinnamate [M-H]-
147.0657,(R)-Mevalonate [M-H]-
147.6373,
147.9983,
148.0435,L-Methionine [M-H]-
148.0679,(R)-Mevalonate [M+1  M-H]-
148.1335,
148.2422,
148.9401,
148.9819,"3-(3,4-Dihydroxyphenyl)pyruvate [M+F [CORR]]-"
149.0300,
149.0424,D-Ribose [M-H]-
149.0662,
150.0188,2-Oxosuccinamate [M+F]-
150.0537,L-Pipecolate [M.H/Na-H]-
150.1920,
150.9974,Urea-1-carboxylate [M-H [CORR]]-
151.0258,Xanthine [M-H]-
151.0830,
151.1123,(-)-trans-Carveol [M-H]-
151.1739,
152.0356,3-Hydroxyanthranilate [M-H]-
152.1334,
152.2141,
152.6889,
152.9396,
152.9609,Fumarate [M-H [CORR]]-
152.9909,Propanoyl phosphate [M-H]-
153.0187,"2,3-Dihydroxybenzoate [M-H]-"
153.0420,2-Aminophenol [M+1  M-H [CORR]]-
153.2770,
153.3227,
153.3617,
153.4094,
153.5342,
153.6680,
153.9933,Indole [M-H [CORR]]-
154.0222,"2,3-Dihydroxybenzoate [M+1  M-H]-"
154.0610,L-Histidine [M-H]-
154.2942,
154.8751,
154.9303,"3-(3,4-Dihydroxyphenyl)pyruvate [M+F [CORR]]-"
154.9739,2-Phosphoglycolate [M-H]-
155.0114,Orotate [M-H]-
155.0318,"3-Methyl-cis,cis-hexadienedioate [M-H]-"
155.0772,
155.1699,
155.4180,
155.9445,
155.9797,2-Phosphoglycolate [M+1  M-H]-
156.0302,2-Aminomuconate [M-H]-
156.0676,1-Methylnicotinamide [M+F]-
156.0993,
156.1468,
156.5622,
156.9367,
156.9914,
157.0122,2-Maleylacetate [M-H]-
157.0505,2-Isopropylmaleate [M-H]-
157.1228,
157.2007,
157.2379,
157.2706,
157.9392,
157.9631,
158.0179,2-Maleylacetate [M+1  M-H]-
158.0819,5-Acetamidopentanoate [M-H]-
158.1212,
158.9370,
159.0775,D-Alanyl-D-alanine [M-H]-
159.2595,
159.3030,
159.4122,
159.9355,
159.9754,
160.0100,
160.0619,L-2-Aminoadipate [M-H]-
160.2156,
160.8910,Selenophosphoric acid [M-H]-
160.9374,
161.0463,"(R)-3,3-Dimethylmalate [M-H]-"
161.3077,
161.3515,
161.3935,
161.9394,
161.9724,
162.0488,"(R)-3,3-Dimethylmalate [M+1  M-H]-"
162.0728,"N,N-Dihydroxy-L-isoleucine [M-H]-"
162.1418,
162.3998,
162.9380,
162.9534,"3-(3,4-Dihydroxyphenyl)pyruvate [M+F [CORR]]-"
162.9812,
163.0407,Phenylpyruvate [M-H]-
163.0604,L-Rhamnose [M-H]-
163.1455,
164.0227,
164.0397,4-Pyridoxolactone [M-H]-
164.0716,L-Phenylalanine [M-H]-
164.2862,
164.6137,
164.9570,
164.9973,Deamino-alpha-keto-demethylphosphinothricin [M-H]-
165.0181,Phthalate [M-H]-
165.0570,3-(2-Hydroxyphenyl)propanoate [M-H]-
165.0734,L-Phenylalanine [M+1  M-H]-
165.1666,
165.9617,
166.0519,Pyridoxal [M-H]-
166.0754,
166.3486,
166.9221,
166.9600,
166.9949,
167.0419,
167.0824,Pyridoxamine [M-H]-
167.1408,
167.1930,
167.3917,
167.9637,
168.0275,"L-2,3-Dihydrodipicolinate [M-H]-"
168.1860,
168.9532,
168.9914,Glycerone phosphate [M-H]-
169.0274,trans-Cinnamate [M.H/Na-H]-
169.0621,
169.0967,
169.1761,
169.9931,Glycerone phosphate [M+1  M-H]-
170.0453,"2,3,4,5-Tetrahydrodipicolinate [M-H]-"
170.0772,
170.0967,N-Methyltyramine [M+F]-
170.1202,
170.9275,
170.9487,
170.9810,Benzonitrile [M-H [CORR]]-
171.0112,Toluene-4-sulfonate [M-H]-
171.1019,
171.6069,
172.0145,Toluene-4-sulfonate [M+1  M-H]-
172.0442,2-Aminophenol [M+1  M-H [CORR]]-
172.0748,5-Guanidino-2-oxopentanoate [M-H]-
172.0976,4-Aminobutanoate [M-H [CORR]]-
172.1335,
172.1766,
172.2555,
172.7837,
172.9902,6-Mercaptopurine [M.H/Na-H]-
173.0087,cis-Aconitate [M-H]-
173.0459,Shikimate [M-H]-
173.1022,L-Arginine [M-H]-
173.4041,
173.9930,
174.0403,N-Acetyl-L-aspartate [M-H]-
174.0804,Sucrose [M-H [CORR]]-
174.2407,
174.9489,
175.0615,3-Propylmalate [M-H]-
175.3187,
175.3721,
175.6473,
175.9541,
175.9775,
176.0642,3-Propylmalate [M+1  M-H]-
176.0904,
176.1801,
176.9105,
176.9484,
177.0398,"D-Glucono-1,5-lactone [M-H]-"
177.0656,4-Methylene-L-glutamine [M+F]-
177.0919,
177.1492,
177.9005,
177.9479,
177.9800,
178.0515,Hippurate [M-H]-
178.1475,
178.9112,
179.0224,Benzonitrile [M-H [CORR]]-
179.0559,D-Glucose [M-H]-
179.3043,
179.3388,
179.9462,
179.9800,
180.0308,2-Methyl-3-hydroxy-5-formylpyridine-4-carboxylate [M-H]-
180.0655,L-Tyrosine [M-H]-
180.2873,
180.8966,
180.9416,Methylselenopyruvate [M-H]-
180.9851,2-Oxo-4-phosphonobutanoate [M-H]-
181.0329,2-Methyl-3-hydroxy-5-formylpyridine-4-carboxylate [M+1  M-H]-
181.0704,Mannitol [M-H]-
181.0941,
181.1481,
181.9399,
181.9828,
182.0126,Urea-1-carboxylate [M-H [CORR]]-
182.0456,4-Pyridoxate [M-H]-
182.0690,2-Aminophenol [M+1  M-H [CORR]]-
182.2589,
182.9479,
183.0055,"L-3,4-Dihydroxybutan-2-one 4-phosphate [M-H]-"
183.0485,4-Pyridoxate [M+1  M-H]-
183.1096,
183.1374,
183.1813,
183.9084,
183.9449,
184.0020,O-Phospho-L-serine [M-H]-
184.0590,"N,N-Dihydroxy-L-isoleucine [M.H/Na-H]-"
184.1638,
184.3825,
184.8975,
184.9856,3-Phospho-D-glycerate [M-H]-
185.0093,"3-Carboxy-cis,cis-muconate [M-H]-"
185.0518,
185.0889,
185.1158,(3R)-6-Hydroxy-3-isopropenyl-heptanoate [M-H]-
185.1538,
185.1986,
185.9003,
185.9997,
186.0418,2-(Acetamidomethylene)succinate [M-H]-
186.0774,6-Acetamido-2-oxohexanoate [M-H]-
186.1141,8-Amino-7-oxononanoate [M-H]-
186.1587,
186.8975,
186.9481,
187.0022,Phthalate [M.H/Na-H]-
187.0382,1-Hydroxy-2-naphthoate [M-H]-
187.0729,"cis-2,3-Dihydro-2,3-dihydroxybiphenyl [M-H]-"
187.1062,N6-Acetyl-L-lysine [M-H]-
187.1296,
187.2180,
187.9377,
187.9960,Quinolinate [M.H/Na-H]-
188.0154,Propynoate [M+F [CORR]]-
188.0545,N-Acetyl-L-glutamate [M-H]-
188.0899,
188.2167,
188.9011,
188.9751,
189.0031,Oxalosuccinate [M-H]-
189.0443,3-Dehydroquinate [M-H]-
189.0768,(R)-3-((R)-3-Hydroxybutanoyloxy)butanoate [M-H]-
189.9773,
190.0187,
190.0546,N-Acetylmethionine [M-H]-
190.0748,N-Acetylmethionine [M-H [CORR]]-
190.1459,
190.9102,
190.9740,
191.0192,Citrate [M-H]-
191.0526,Quinate [M-H]-
191.2876,
191.3980,
191.9760,
192.0263,L-Dopachrome [M-H]-
192.0651,Phenylacetylglycine [M-H]-
192.1034,
192.8838,
192.9308,
192.9891,sn-Glycerol 3-phosphate [M.H/Na-H]-
193.0254,D-Glucuronate [M-H]-
193.0715,1-O-Methyl-myo-inositol [M-H]-
193.0958,6-Hydroxypseudooxynicotine [M-H]-
193.1416,
193.9645,
193.9879,
194.0451,Dopaquinone [M-H]-
194.0780,"2-Phenyl-1,3-propanediol monocarbamate [M-H]-"
194.8832,
194.9089,
194.9467,4-Oxoproline [M-H [CORR]]-
194.9831,
195.0342,"3-(3,4-Dihydroxyphenyl)pyruvate [M-H]-"
195.0782,
195.1101,
195.1364,
195.1698,
195.9198,
195.9529,
196.0234,"3-Hydroxy-2-methylpyridine-4,5-dicarboxylate [M-H]-"
196.0603,"3,4-Dihydroxy-L-phenylalanine [M-H]-"
196.1812,
196.9202,
196.9594,
196.9839,
197.0080,
197.0410,"3-(3,4-Dihydroxyphenyl)lactate [M-H]-"
197.0877,"cis-2,3-Dihydroxy-2,3-dihydro-p-cumate [M-H]-"
197.1250,Hercynine [M-H]-
197.1550,
197.2331,
197.8881,
198.0415,Propanoyl phosphate [M-H [CORR]]-
198.0749,Catechol [M-H [CORR]]-
198.1149,Ecgonine methyl ester [M-H]-
198.1549,
198.2001,
198.2460,
198.9226,
198.9786,
199.0003,D-Erythrose 4-phosphate [M-H]-
199.0205,4-Maleylacetoacetate [M-H]-
199.0702,
199.1025,
199.1324,
199.1703,
199.2636,
199.3398,
199.9266,
200.0295,
200.0540,D-Glucosamine [M.H/Na-H]-
200.0870,
200.1293,
200.1737,
200.2262,
200.8822,
200.9260,
200.9524,"3-(3,4-Dihydroxyphenyl)pyruvate [M+F [CORR]]-"
200.9890,4-Sulfobenzoate [M-H]-
201.0383,D-Glucose [M.H/Na-H]-
201.2601,
201.3120,
201.3657,
201.9261,
201.9621,
202.0134,2-Methyl-3-hydroxy-5-formylpyridine-4-carboxylate [M.H/Na-H]-
202.0425,
202.0718,
202.1085,
202.1900,
202.9259,
202.9960,"2-Pyrone-4,6-dicarboxylate [M+F]-"
203.0342,"1,4-Dihydroxy-2-naphthoate [M-H]-"
203.0567,
203.0814,L-Tryptophan [M-H]-
203.1035,N6-Acetyl-N6-hydroxy-L-lysine [M-H]-
203.1766,
203.9372,
204.0148,"3-(3,4-Dihydroxyphenyl)pyruvate [M+F [CORR]]-"
204.0850,L-Tryptophan [M+1  M-H]-
204.9285,
204.9717,
205.0357,Lipoate [M-H]-
205.0810,3-Dimethylallyl-4-hydroxybenzoate [M-H]-
205.1596,
205.1947,
205.2364,
205.9486,
206.0072,"3-(3,4-Dihydroxyphenyl)pyruvate [M+F [CORR]]-"
206.0603,
206.0822,N-Acetyl-L-phenylalanine [M-H]-
206.1574,
206.9427,
206.9690,Lead [M-H]-
207.0179,
207.0523,
207.0663,Benzylsuccinate [M-H]-
207.1101,
207.9259,
207.9995,
208.0299,
208.0653,p-Hydroxyphenylacetylglycine [M-H]-
208.0946,8-Amino-7-oxononanoate [M.H/Na-H]-
208.8540,
208.9823,
209.0334,D-Glucarate [M-H]-
209.0914,"2,6-Dihydroxypseudooxynicotine [M-H]-"
209.1273,"7,8-Diaminononanoate [M.H/Na-H]-"
209.1538,
209.1952,
209.2303,
210.0174,N-Acetylisatin [M.H/Na-H]-
210.0390,"5-(2''-Formylethyl)-4,6-dihydroxypicolinate [M-H]-"
210.0650,"6-Carboxy-5,6,7,8-tetrahydropterin [M-H]-"
210.0857,
210.1213,Carboxyspermidine [M.H/Na-H]-
210.8546,
210.9872,
211.0233,2-Hydroxy-6-ketononatrienedioate [M-H]-
211.0712,
211.1078,
211.1331,Traumatin [M-H]-
211.1698,
211.2283,
212.0020,
212.0919,Catechol [M-H [CORR]]-
212.1355,Traumatin [M+1  M-H]-
212.1665,
212.8945,
213.0032,
213.0355,"2-Hydroxy-6-oxonona-2,4-diene-1,9-dioate [M-H]-"
213.0883,
213.1487,
213.1853,CAI-1 [M-H]-
213.2481,
214.0486,sn-glycero-3-Phosphoethanolamine [M-H]-
214.1162,
214.1460,
214.1885,CAI-1 [M+1  M-H]-
214.8979,
214.9303,
214.9485,
214.9998,4-Phospho-D-erythronate [M-H]-
215.0337,"3-(3,4-Dihydroxyphenyl)pyruvate [M+F]-"
215.9045,
216.0371,"3-(3,4-Dihydroxyphenyl)pyruvate [M+F [CORR]]-"
216.0880,
216.1643,
216.2149,
216.9263,"L-2,3-Dihydrodipicolinate [M-H [CORR]]-"
216.9693,
217.0133,
217.0304,"cis,cis-Muconate [M-H [CORR]]-"
217.0522,"2-Hydroxy-6-oxo-6-phenylhexa-2,4-dienoate [M-H]-"
217.0796,
217.1152,D-Lysopine [M-H]-
217.2823,
217.9309,
218.0184,"4-Amino-2,6-dinitrotoluene [M.H/Na-H]-"
218.0354,4-Amino-2-methyl-5-phosphomethylpyrimidine [M-H]-
218.1042,Pantothenate [M-H]-
218.1992,
218.4476,
218.9009,
218.9267,
219.0113,4-Carboxy-4-hydroxy-2-oxoadipate [M-H]-
219.0411,
219.1054,"1D-1-Guanidino-3-amino-1,3-dideoxy-scyllo-inositol [M-H]-"
219.1730,"2-trans,6-trans-Farnesal [M-H]-"
219.2085,
219.9367,
219.9819,
220.0854,N-Acetyl-D-glucosamine [M-H]-
220.9006,
220.9325,
220.9585,
221.0062,4-Maleylacetoacetate [M.H/Na-H]-
221.0448,2-Succinylbenzoate [M-H]-
221.0964,
221.9080,
221.9350,
221.9776,
222.0368,"7,8-Dihydro-7,8-dihydroxykynurenate [M-H]-"
222.0720,
222.1084,
222.9399,
222.9622,
223.0185,
223.0766,3-Hydroxy-L-kynurenine [M-H]-
223.1093,N6-Acetyl-N6-hydroxy-L-lysine [M+F]-
223.1598,
223.9268,
223.9726,
224.0560,4-Amino-4-deoxychorismate [M-H]-
224.0963,
224.9571,
224.9996,
225.0636,L-Tryptophan [M.H/Na-H]-
225.0860,Porphobilinogen [M-H]-
225.1230,
225.1501,
225.1858,
225.9313,
225.9898,"3-Amino-4,7-dihydroxy-8-chlorocoumarin [M-H]-"
226.0122,L-Glutamyl 5-phosphate [M-H]-
226.0407,"5-(2''-Carboxyethyl)-4,6-dihydroxypicolinate [M-H]-"
226.0714,L-Arogenate [M-H]-
226.1186,
226.1892,
226.2456,
226.9601,
226.9919,
227.0174,Lipoate [M.H/Na-H]-
227.1049,Bisphenol A [M-H]-
227.1551,
227.2024,Catechol [M-H [CORR]]-
227.2892,
227.3848,
227.9432,
227.9889,
228.0583,
228.0871,
228.1640,
228.2058,
228.2664,
228.8635,
228.9352,
228.9760,
229.1128,
229.1452,
229.1775,
229.2032,
229.2596,
229.3291,
229.9231,
229.9806,
230.0406,
230.0604,N-Acetyl-L-2-amino-6-oxopimelate [M-H]-
230.1055,
230.1795,
230.4053,
230.9632,
230.9849,
231.0304,2-Hydroxy-6-ketononatrienedioate [M+F]-
231.0988,N2-Succinyl-L-ornithine [M-H]-
231.1321,
231.1583,
231.2420,
231.9391,
232.0006,4-Phospho-L-aspartate [M+F]-
232.0250,
232.0588,"2-Hydroxy-6-oxo-(2''-aminophenyl)-hexa-2,4-dienoate [M-H]-"
232.0872,
232.1167,
232.9023,4-Oxoproline [M-H [CORR]]-
233.0773,
233.1025,
233.1506,
233.9223,
234.0108,
234.0396,"N,N-Dihydroxy-L-tyrosine [M.H/Na-H]-"
234.0767,
234.1082,
234.8752,
234.9014,
234.9784,
235.0216,2-Carboxy-2-hydroxy-8-carboxychromene [M-H]-
235.0775,Bis(4-hydroxyphenyl)methanol [M+F]-
235.1182,
235.9177,
236.0229,
236.0549,2-(Hydroxymethyl)-3-(acetamidomethylene)succinate [M+F]-
236.0852,6-Pyruvoyltetrahydropterin [M-H]-
236.8742,
236.9092,
236.9306,
236.9774,4-Phospho-D-erythronate [M.H/Na-H]-
237.0109,
237.0627,3-Deoxy-D-manno-octulosonate [M-H]-
237.0899,
237.1229,D-Lysopine [M+F]-
237.1833,
237.9149,
238.0150,
238.0754,
238.9061,
238.9425,
238.9928,
239.0154,L-Cystine [M-H]-
239.0743,
239.1279,
239.2023,
239.2597,
239.9339,
240.0525,L-Histidinol phosphate [M+F]-
240.1676,
240.2359,
240.9117,
240.9722,
241.0171,
241.0576,
241.0813,Thymidine [M-H]-
241.1202,4-Oxoproline [M-H [CORR]]-
241.1587,"2-trans,6-trans-Farnesal [M.H/Na-H]-"
241.1806,
241.2171,
241.3070,
241.9124,
241.9971,
242.0308,L-Histidinol phosphate [M.H/Na-H]-
242.0705,
242.1009,Glycerone [M-H [CORR]]-
242.1786,
242.2202,
242.2821,
242.9100,
242.9402,
242.9820,
243.0263,L-Fuculose 1-phosphate [M-H]-
243.0628,Uridine [M-H]-
243.1026,"1,2-Bis(4-hydroxyphenyl)-2-propanol [M-H]-"
243.1474,
243.1580,Propynoate [M+F [CORR]]-
243.1974,Hexadecanoic acid [M-H [CORR]]-
243.2948,
243.3868,
243.4249,
243.9138,
243.9624,
244.0130,
244.0450,
244.1272,
244.1624,
244.2004,
244.9121,
244.9517,
245.0611,
245.1151,"2,4-Bis(acetamido)-2,4,6-trideoxy-beta-L-altropyranose [M-H]-"
245.1922,
245.9191,
245.9540,
246.0178,Pyridoxal phosphate [M-H]-
246.0723,
246.1086,Linamarin [M-H]-
246.1953,
246.8992,
246.9377,
246.9889,
247.0459,Pyridoxamine phosphate [M-H]-
247.0887,3-Dimethylallyl-4-hydroxyphenylpyruvate [M-H]-
247.1654,
247.9488,
247.9991,
248.0530,L-Arogenate [M.H/Na-H]-
248.0924,
248.1603,
248.7056,
248.9411,(2R)-O-Phospho-3-sulfolactate [M-H]-
248.9604,
249.0034,
249.0502,gamma-L-Glutamyl-L-cysteine [M-H]-
249.0874,
249.1340,
249.1678,
249.2103,
250.0440,
250.0765,Thymidine [M+F [CORR]]-
250.0852,
250.1376,
250.2254,
250.8481,
250.9585,
251.0174,
251.0768,Deoxyinosine [M-H]-
251.1605,
251.1970,
251.9989,
252.0418,
252.0850,Neopterin [M-H]-
252.2022,
252.8468,
252.9096,
252.9631,
253.0113,Shikimate 3-phosphate [M-H]-
253.0828,
253.1154,
253.1429,
253.2175,Toluene-4-sulfonate [M-H [CORR]]-
253.5300,
253.9520,
253.9880,
254.0230,"5-(3''-Carboxy-3''-oxopropyl)-4,6-dihydroxypicolinate [M-H]-"
254.0804,
254.1479,L-Pyrrolysine [M-H]-
254.2213,
254.2792,
254.7002,
254.8812,
254.9185,
254.9799,
255.0351,
255.1010,
255.2338,Hexadecanoic acid [M-H]-
255.4314,
255.4867,
255.7691,
256.0567,
256.0898,
256.1244,
256.2369,Hexadecanoic acid [M+1  M-H]-
256.8863,
256.9215,
257.0365,
257.0752,(1-Ribosylimidazole)-4-acetate [M-H]-
257.1113,
257.1710,
257.2145,
257.2385,
257.3056,
257.3533,
257.8933,
257.9398,
258.0229,
258.0652,
258.1055,Linatine [M-H]-
258.1384,
258.1774,
258.2386,
258.8898,
258.9142,
259.0233,D-Fructose 6-phosphate [M-H]-
259.0798,Biotin sulfoxide [M-H]-
259.1293,Dihydroshikonofuran [M-H]-
259.2436,Hexadecanal [M+F]-
259.9302,
260.0283,D-Fructose 6-phosphate [M+1  M-H]-
260.0880,
260.1272,
260.1894,
260.8879,"3-(3,4-Dihydroxyphenyl)pyruvate [M+F [CORR]]-"
260.9777,
261.0582,L-Threonine [M+F [CORR]]-
261.0887,Thymidine [M+F]-
261.2432,
261.5161,
261.9236,
261.9816,
262.0586,
262.0910,Thymidine [M+1 M+F]-
262.1214,
262.1729,
262.8953,
262.9763,"2,3-Diketo-5-methylthiopentyl-1-phosphate [M.H/Na-H]-"
263.0706,Piceatannol [M+F]-
263.1418,Feruloylputrescine [M-H]-
263.4783,ATP [M-H [CORR]]-
263.9267,
263.9754,
264.0258,Dihydrolipoamide [.NaCl-H]-
264.0513,
264.0866,
264.1402,
264.9217,
264.9677,
265.0505,
265.0917,
265.1487,
265.9075,
266.0065,4-Oxoproline [M-H [CORR]]-
266.0907,Adenosine [M-H]-
266.2017,
266.8129,
266.9180,
266.9392,
267.0753,Inosine [M-H]-
267.0884,Hypoxanthine [M-H [CORR]]-
267.2332,
267.2776,
267.2986,
267.3398,
267.9827,
268.0045,
268.0422,N-Succinyl-L-glutamate [M.H/Na-H]-
268.0846,Catechol [M-H [CORR]]-
268.1659,
268.2369,
268.2785,
268.9404,
268.9832,2-Hydroxy-6-ketononatrienedioate [.NaCl-H]-
269.0298,Pyridoxamine phosphate [M.H/Na-H]-
269.0886,Acetate [M-H [CORR]]-
269.2445,
269.3628,
269.9773,
270.0020,
270.0541,
270.0934,
270.2138,
270.2462,
270.8556,
270.9101,
270.9636,
271.0147,"4,4''-Dihydroxybenzophenone [.NaCl-H]-"
271.0965,Deoxyshikonin [M-H]-
271.1641,
271.2288,L-Valine [M-H [CORR]]-
272.0249,
272.0888,
272.2309,
272.8633,
272.8988,
272.9534,
273.0381,
273.0948,
273.2064,
273.5387,
273.9850,
274.0343,"5-(3''-Carboxy-3''-oxopropyl)-4,6-dihydroxypicolinate [M+F]-"
274.1007,N-Succinyl-L-citrulline [M-H]-
274.1331,
274.1810,
274.8866,
274.9330,
274.9856,
275.0529,
275.1061,N-Succinyl-L-citrulline [M+1  M-H]-
275.1751,p-Coumaroylagmatine [M-H]-
275.9947,
276.0435,
276.0871,L-Leucine [M-H [CORR]]-
276.1660,
276.8629,
276.9267,
276.9567,
277.0344,
277.0777,
277.1227,Pantetheine [M-H]-
277.2124,"(9Z,12Z,15Z)-Octadecatrienoic acid [M-H]-"
278.0272,
278.1220,alpha-Ribazole [M+1  M-H]-
278.1671,
278.1863,
278.8642,
278.9171,
278.9679,
278.9914,
279.0410,"5,5''-Dehydrodivanillate [M-H [CORR]]-"
279.0963,
279.1680,
279.2339,Linoleate [M-H]-
279.5527,
279.9338,
279.9913,
280.0521,
280.1285,
280.2372,Linoleate [M+1  M-H]-
280.5553,
280.8987,
280.9351,
280.9850,
281.0315,
281.0618,
281.0871,
281.1124,
281.1489,
281.2491,Hexadecanoic acid [M-H [CORR]]-
281.3528,
281.8982,
281.9796,
282.0168,
282.0865,Guanosine [M-H]-
282.2535,
282.9049,
282.9567,"3-(3,4-Dihydroxyphenyl)pyruvate [M+F [CORR]]-"
282.9852,
283.0239,
283.0747,Xanthosine [M-H]-
283.1023,
283.1612,
283.1978,
283.2647,Hexadecanoic acid [M-H [CORR]]-
283.4687,
283.9734,
284.0307,
284.0701,
284.1262,
284.2678,
284.9189,
284.9559,3-Phospho-D-glyceroyl phosphate [M+F]-
285.0032,
285.0720,
285.1157,
285.1758,
285.2710,
285.9107,
285.9515,
285.9822,
286.0584,
286.0937,Adenosine [M+F]-
286.1404,
286.9033,
286.9336,3-Phospho-D-glyceroyl phosphate [M.H/Na-H]-
286.9744,
287.0107,2-Dehydro-3-deoxy-D-arabino-heptonate 7-phosphate [M-H]-
287.0870,"Benzo[a]pyrene-4,5-oxide [M+F]-"
287.1171,
287.1600,
287.2206,
287.9424,
288.1209,4-Aminobutanoate [M-H [CORR]]-
288.3310,
288.8793,
288.9261,
288.9905,
289.0356,Sedoheptulose 7-phosphate [M-H]-
289.0689,D-Lombricine [M+F]-
289.1232,
289.2478,
289.9505,
290.0001,
290.0373,Sedoheptulose 7-phosphate [M+1  M-H]-
290.0910,
290.1173,
290.8626,
290.9217,
290.9674,"alpha-D-Ribose-1,2-cyclic-phosphate-5-phosphate [M-H]-"
291.0914,Arbutin [M+F]-
291.1982,12-OPDA [M-H]-
291.9691,"alpha-D-Ribose-1,2-cyclic-phosphate-5-phosphate [M+1  M-H]-"
292.0682,S-(Indolylmethylthiohydroximoyl)-L-cysteine [M-H]-
292.0976,N-Acetylmuramate [M-H]-
292.1349,
292.8370,
292.9428,
292.9797,"2-Deoxy-D-ribose 1,5-bisphosphate [M-H]-"
293.0513,
293.1156,
293.9357,
293.9971,
294.0500,Aminoimidazole ribotide [M-H]-
294.1170,
294.8387,
294.8959,
294.9414,
294.9914,
295.1032,5-Amino-6-(1-D-ribitylamino)uracil [M+F]-
295.1864,
295.2651,
295.3052,
295.9780,
296.0161,
296.0846,5''-Methylthioadenosine [M-H]-
296.1356,
296.1794,
296.8738,
296.9089,
297.0389,"3-(3,4-Dihydroxyphenyl)pyruvate [M+F [CORR]]-"
297.0877,5''-Methylthioadenosine [M+1  M-H]-
297.1187,
297.2420,
297.2768,
297.3335,
297.8885,
297.9818,
298.0409,
298.0876,
298.1354,
298.1718,
298.2377,
298.8789,
298.9312,
299.0252,Cinnavalininate [M-H]-
299.1245,
299.8789,
299.9324,
300.0070,
300.0578,N-Acetyl-D-glucosamine 6-phosphate [M-H]-
300.1167,
300.2560,
300.8992,
301.0170,
301.0947,
301.2393,
301.5491,
301.6081,
301.9265,
302.0165,
302.0668,Adenosine [M-H [CORR]]-
302.2316,
302.5375,
302.8778,
302.9503,
303.0001,Orotidine 5''-phosphate [M-H [CORR]]-
303.0714,Xanthosine [M+F]-
303.1262,Nopaline [M-H]-
303.9005,
303.9617,
304.0008,
304.0650,Adenosine [M-H [CORR]]-
304.1095,
304.1478,
304.8898,
304.9631,
304.9932,Orotidine 5''-phosphate [M-H [CORR]]-
305.0696,
305.1941,
305.5708,
305.6151,
305.9677,
306.0105,
306.0768,Glutathione [M-H]-
306.2916,
306.5682,
306.9043,
306.9416,
306.9983,(R)-5-Diphosphomevalonate [M-H]-
307.0805,Glutathione [M+1  M-H]-
307.1390,
307.2112,
307.2845,
307.9452,
308.0975,N-Acetylneuraminate [M-H]-
308.2103,
308.8109,
308.9269,
309.1131,
309.1990,13(S)-HPOT [M-H]-
309.5069,
309.5485,
310.1048,
310.1514,L-Histidine [M-H [CORR]]-
310.2446,
310.2739,
310.5533,
310.8073,
310.9353,
310.9759,"alpha-D-Ribose-1,2-cyclic-phosphate-5-phosphate [M+F]-"
311.0139,gamma-Glutamyl-Se-methylselenocysteine [M-H]-
311.0475,
311.1072,
311.1415,
311.2582,
311.2976,
311.9809,
312.0407,
312.0978,Adenosine [M-H [CORR]]-
312.1432,
312.8477,
312.8866,
312.9560,
313.0509,5''-Phosphoribosyl-N-formylglycinamide [M-H]-
313.1127,
313.1472,
313.2338,
313.9537,
314.0183,
314.0631,
314.1226,
314.1654,
314.8539,
314.9056,
314.9854,
315.0412,
315.0964,
315.1712,
315.9039,
315.9850,
316.0131,
316.0615,
316.0956,
316.1412,
316.2452,
316.5625,
316.8768,
316.9807,D-Fructose 6-phosphate [.NaCl-H]-
317.0596,
317.1133,
317.1465,
317.2200,15-OxoETE [M-H]-
318.0337,
318.0712,D-4''-Phosphopantothenate [M+F]-
318.1329,
318.8528,
318.9389,
318.9933,
319.0690,Urate-3-ribonucleoside [M+F]-
319.1272,
319.2359,"(15S)-15-Hydroxy-5,8,11-cis-13-trans-eicosatetraenoate [M-H]-"
319.8832,
319.9364,
320.0156,
320.0889,
320.4993,
320.8543,
320.9155,
321.0036,
321.0484,dTMP [M-H]-
321.1185,N-((R)-Pantothenoyl)-L-cysteine [M-H]-
321.1893,
322.0472,CMP [M-H]-
322.0928,
322.1696,
322.8813,
322.9241,
323.0019,
323.0287,UMP [M-H]-
323.0987,
323.1261,
323.2211,
323.5438,
323.9782,
324.0450,
324.1175,
324.5518,
324.8906,
325.0500,
325.1262,
325.1620,
325.9395,
326.0448,
326.0776,
326.1055,Adenosine [M-H [CORR]]-
326.1304,
326.1595,
326.9198,
326.9978,"2'',3''-Cyclic UMP [M.H/Na-H]-"
327.0562,"Aflatoxin B1-exo-8,9-epoxide [M-H]-"
327.0983,
327.1281,
327.1597,Fructoselysine [M+F]-
327.2163,
327.5531,
328.0594,Glutathione [M.H/Na-H]-
328.1004,
328.8902,
328.9351,
329.0280,
329.0673,
329.1035,
329.1431,
329.2270,
329.2660,
329.9940,
330.0213,
330.0738,
330.1054,
330.1637,
330.2039,
330.8253,
330.8849,
330.9099,
330.9801,
331.0205,
331.0713,
331.1084,
331.1559,
331.5577,
331.9577,
331.9876,
332.0609,5''-Methylthioadenosine [M-H [CORR]]-
332.1205,5''-Methylthioadenosine [M-H [CORR]]-
332.2302,
332.5497,
332.8550,
332.9010,
332.9560,
332.9984,
333.0645,"5,5''-Dehydrodivanillate [M-H]-"
333.0953,5''-Methylthioadenosine [M-H [CORR]]-
333.1352,
333.2227,
334.0094,
334.0587,5''-Methylthioadenosine [M-H [CORR]]-
334.1136,5''-Methylthioadenosine [M-H [CORR]]-
334.1710,
334.2280,
334.8279,
334.9317,
334.9843,
335.0467,Nicotinate D-ribonucleotide [M-H]-
335.0874,Dihydropteroate [M.H/Na-H]-
335.1772,"(9Z,12Z,15Z)-Octadecatrienoic acid [.NaCl-H]-"
335.5410,
335.9925,
336.0405,
336.0845,S-(Hydroxymethyl)glutathione [M-H]-
336.1242,
336.8314,
336.8839,
336.9267,
336.9669,
337.0027,
337.0716,
337.1246,
337.2367,"5,6-DHET [M-H]-"
337.9006,
337.9740,
338.0581,
338.1478,
338.2334,
338.5445,
338.8582,
338.8926,
338.9888,"D-Fructose 1,6-bisphosphate [M-H]-"
339.0490,"2,2'',3-Trihydroxy-3''-methoxy-5,5''-dicarboxybiphenyl [M+F]-"
339.0872,3-Ketolactose [M-H]-
339.1433,D-Alanyl-D-alanine [M-H [CORR]]-
339.1948,15-OxoETE [M.H/Na-H]-
340.0100,
340.0600,
340.1273,
340.1756,
340.8646,
340.9218,
341.1100,Sucrose [M-H]-
341.4451,
341.7253,
341.9657,
342.1134,Sucrose [M+1  M-H]-
342.2427,
342.8906,
342.9816,
343.1146,
343.1568,
343.2068,
344.0346,Glutathione [M-H [CORR]]-
344.0789,Thiamin monophosphate [M-H]-
344.1348,L-Histidine [M-H [CORR]]-
344.2612,
344.8656,
344.9031,
344.9828,
345.0309,5-Fluorodeoxyuridine monophosphate [M+F]-
345.0862,
345.1366,
345.1799,
345.5396,Enterochelin [M-H [CORR]]-
345.7697,
345.9486,
346.0485,Toluene-4-sulfonate [M-H [CORR]]-
346.2723,
346.6002,
346.6642,
346.8827,
346.9160,
346.9457,
347.0511,
347.1071,
347.2547,
347.5401,
347.9489,
348.0344,
348.0881,S-(Formylmethyl)glutathione [M-H]-
348.1351,
348.2110,
348.2689,
348.8902,
348.9311,
348.9822,
349.0871,
349.1495,
349.2735,
349.5367,
349.9865,
350.0422,
350.0820,
350.8033,
350.9176,
351.0007,5''-Phosphoribosyl-N-formylglycinamide [M.H/K-H]-
351.0590,4-(4-Deoxy-alpha-D-gluc-4-enuronosyl)-D-galacturonate [M-H]-
351.0916,
351.1310,
351.1744,
351.2170,
351.3095,
351.9588,
352.0900,
352.1611,
352.8583,
353.0435,5-Amino-6-(5''-phosphoribosylamino)uracil [M-H]-
353.1648,
353.9498,
354.0335,
354.1082,Adenosine [M-H [CORR]]-
354.5453,
354.8351,
354.9309,
355.0513,
355.1127,
355.1548,
355.1967,
355.5430,
355.9897,
356.0144,
356.1222,Adenine [M-H [CORR]]-
356.1478,Adenosine [M-H [CORR]]-
356.3884,
356.5319,
356.7246,
356.8381,
356.8933,
356.9185,
356.9858,
357.0576,
357.1261,Adenosine [M-H [CORR]]-
357.1716,Adenosine [M-H [CORR]]-
357.2130,
357.5253,
357.6318,
357.8897,
357.9323,
358.1259,Adenosine [M-H [CORR]]-
358.8636,
358.9453,
359.0359,1-(5''-Phosphoribosyl)-5-amino-4-imidazolecarboxamide [M.H/Na-H]-
359.1206,
359.1895,
359.5224,
359.8898,
360.0212,1-(5-Phospho-D-ribosyl)-5-amino-4-imidazolecarboxylate [M.H/Na-H]-
360.0864,
360.1280,
360.1727,
360.2542,
360.5234,
360.5714,
360.8412,
361.0214,
361.1168,O-Phospho-L-serine [M-H [CORR]]-
361.5215,
361.9260,
362.0511,GMP [M-H]-
362.1196,Sucrose [M-H [CORR]]-
362.2668,
362.8446,
363.0176,Orotidine 5''-phosphate [M-H [CORR]]-
363.0931,CDP [M-H [CORR]]-
363.1610,Orotidine 5''-phosphate [M-H [CORR]]-
363.3207,
363.8761,
364.0190,CDP [M-H [CORR]]-
364.0851,
364.2448,
364.8698,
365.0143,
365.2537,
365.3383,
365.5364,
365.9712,
366.0172,CDP [M-H [CORR]]-
366.1381,
366.2493,
366.9010,
367.0127,Orotidine 5''-phosphate [M-H]-
367.1568,
367.2419,
367.3542,
367.9322,
368.0404,
368.1231,
368.2311,
368.8356,
368.9003,
369.0146,
369.1130,
369.1681,
369.2149,
369.2943,
369.9307,
370.0055,
370.0682,S-(Formylmethyl)glutathione [M.H/Na-H]-
370.1341,
370.1970,
370.8115,
370.9123,
371.0251,
371.1320,
371.5395,
371.9664,
372.0398,
372.1145,
372.3122,
372.8142,
372.9013,
373.0546,5-Amino-6-(5''-phosphoribosylamino)uracil [M+F]-
373.1697,
373.5269,
373.9853,
374.0729,
374.1141,
374.1583,S-Adenosylmethioninamine [M+F]-
374.8386,
374.9213,
375.0550,
375.1821,
375.2804,
375.9326,
376.0437,
376.1037,
376.1467,
376.3057,
376.8156,
376.9477,
376.9811,
377.0397,Urea-1-carboxylate [M-H [CORR]]-
377.0870,
377.1131,N2-citryl-N6-acetyl-N6-hydroxy-L-lysine [M-H]-
377.4284,
377.9005,
377.9677,
378.0441,Indole [M-H [CORR]]-
378.0912,
378.8170,
378.9215,
378.9479,
378.9856,
379.0851,
379.9761,
380.0848,
380.2342,
380.5473,
380.8439,
380.9374,
380.9838,
381.0883,
381.1775,
381.3200,
381.9985,
382.0404,
382.1294,
382.5527,Fumarate [M-H [CORR]]-
382.8840,
382.9832,
383.0979,
383.1869,
383.5533,
383.9066,
384.0289,
384.1067,
384.1472,Adenosine [M-H [CORR]]-
384.8769,
385.0123,
385.1608,
385.2583,
385.9723,
386.0275,dCDP [M-H]-
386.1151,5''-Methylthioadenosine [M-H [CORR]]-
386.2527,
386.8577,
386.9419,
386.9776,
387.1162,Fructoselysine 6-phosphate [M-H]-
387.3514,
387.5074,
387.9480,
388.0430,
388.1188,Fructoselysine 6-phosphate [M+1  M-H]-
388.1955,
388.2733,
388.8799,
388.9691,
389.0313,
389.1216,
389.1587,
389.2821,
390.0346,
390.1222,
390.8113,
390.9938,
391.1417,
391.2836,
391.5708,
391.9098,
391.9830,
392.1057,
392.2787,
392.7900,
392.9027,
392.9921,
393.1706,
393.2776,
393.5433,
393.9424,
394.0512,N-Acetylmuramic acid 6-phosphate [M.H/Na-H]-
394.1447,
394.2732,
394.5427,
394.7933,
394.8962,
394.9758,
395.0438,Pantetheine 4''-phosphate [M.H/K-H]-
395.1332,Riboflavin [M+F]-
395.1929,
395.2742,
395.9772,
396.0458,
396.1499,
396.7770,
396.8182,
396.9088,
396.9878,
397.1084,S-Adenosyl-4-methylthio-2-oxobutanoate [M-H]-
397.1857,Adenosine [M-H [CORR]]-
397.2451,
397.4423,
397.9947,
398.0899,
398.1734,Adenosine [M-H [CORR]]-
398.8259,
398.9939,Orotidine 5''-phosphate [M-H [CORR]]-
399.0668,
399.8849,
399.9976,CDP [M-H [CORR]]-
400.0735,
400.1485,Adenosine [M-H [CORR]]-
400.8523,
400.9905,CDP [M-H [CORR]]-
401.0669,"Indole-5,6-quinone [M-H [CORR]]-"
401.1318,4-Aminobutanoate [M-H [CORR]]-
401.3053,
401.5309,
401.8768,
401.9460,
402.0073,CDP [M-H]-
402.0636,
402.1346,
402.2142,
402.4961,
402.5349,
402.5997,
402.8298,
402.9904,UDP [M-H]-
403.0387,UDP [M-H [CORR]]-
403.1053,"trans,trans-Farnesyl diphosphate [M.H/Na-H]-"
403.2981,
403.5563,5''-Methylthioadenosine [M-H [CORR]]-
403.7539,
404.0007,
404.0600,ADP [M-H [CORR]]-
404.1052,
404.2507,
404.5561,
404.7666,
404.8470,
405.0263,dCDP [M+F [CORR]]-
405.0778,
405.1764,
405.2630,
405.3325,
405.9251,
406.0255,dCDP [M+F]-
406.0885,
406.1705,
406.2593,
406.8576,
407.0246,dCDP [M+F [CORR]]-
407.1688,
407.2740,
407.3264,
407.9518,
408.0103,
408.0783,
408.1376,
408.2668,
408.7599,
408.8865,
408.9474,5-Phospho-alpha-D-ribose 1-diphosphate [M+F]-
409.0276,
409.0971,
409.1624,
409.2074,
409.4235,
409.7632,
409.9189,
409.9604,
410.0366,dADP [M-H]-
410.0760,
410.1568,
410.2368,
410.5652,
410.7607,
410.9204,
411.0295,
411.1652,
411.2603,
411.7692,
411.9272,
412.0227,
412.1950,
412.2640,
412.5201,
412.7953,
413.2903,
413.8943,
413.9647,
414.0434,
414.1688,Adenosine [M-H [CORR]]-
414.5477,"5,5''-Dehydrodivanillate [M-H [CORR]]-"
414.8038,
414.8893,
414.9697,
415.0465,
415.0910,
415.1486,
415.2057,
415.2539,
415.5470,
415.9820,
416.0481,
416.1435,
416.1740,
416.1968,
416.8263,
416.9268,
417.0416,
417.1489,
417.3165,
417.7748,
417.9248,
417.9921,
418.1162,
418.1678,
418.2614,
418.8038,
418.9002,
418.9692,
419.0789,
419.1157,
419.2951,
419.8964,
419.9772,
420.0831,
420.5059,
420.8090,
420.9469,
421.0798,"alpha,alpha''-Trehalose 6-phosphate [M-H]-"
421.1420,
421.2713,Volicitin [M-H]-
421.9808,
422.0864,Propionyladenylate [M+F]-
422.1305,
422.2184,
422.5353,ADP [M-H [CORR]]-
422.7553,
422.8345,
422.9317,
423.1123,
423.2049,
423.2606,
423.5391,
423.8381,
423.9194,
423.9925,CDP [M.H/Na-H]-
424.0459,Thiamin diphosphate [M-H]-
424.1132,
424.1690,
424.2559,
424.3067,
424.5797,
424.9130,
424.9786,UDP [M.H/Na-H]-
425.0785,S-Glutathionyl-L-cysteine [M-H]-
425.1832,
425.2711,
425.3640,
425.4128,
425.7524,
425.8993,
426.0221,ADP [M-H]-
426.1745,Adenosine [M-H [CORR]]-
426.2373,
426.8684,
426.9358,
427.0195,
427.1126,
427.1763,Adenosine [M-H [CORR]]-
427.2178,
427.2513,
427.3554,
427.8970,
428.0536,
428.1726,
428.7738,
428.8447,
428.9841,
429.0271,
429.1228,Succinate [M-H [CORR]]-
429.7639,
429.9297,
429.9774,
430.0635,
430.1558,Uridine [M-H [CORR]]-
430.2259,
430.2385,
430.7807,
430.8653,
430.9019,
430.9762,
431.0165,dIDP [M+F]-
431.1418,4-Aminobutanoate [M-H [CORR]]-
431.4886,
431.9719,
432.0017,
432.1458,O-Phospho-L-serine [M-H [CORR]]-
432.2787,
432.5672,
432.7999,
432.8513,
432.8978,
433.0163,
433.0688,
433.1457,L-Glutamate [M-H [CORR]]-
433.2369,
434.0062,
434.0761,
434.1493,
434.7811,
434.8761,
434.9445,
435.0155,
435.0474,"3-(3,4-Dihydroxyphenyl)pyruvate [M+F [CORR]]-"
435.1613,
435.2969,
435.8606,
435.9482,
436.0430,
436.2412,
436.7798,
436.9590,
437.0449,
437.1433,
437.2776,
437.9814,
438.1083,
438.1982,
438.8108,
438.9028,
439.0853,Propanoate [M-H [CORR]]-
439.2449,
439.3390,
439.7708,
439.8967,
439.9670,CDP [M.H/K-H]-
440.0881,
440.1816,
440.3202,
440.8613,
440.9580,
441.0038,
441.0851,
441.1903,
441.3260,
441.8784,
441.9524,
442.0149,GDP [M-H]-
442.0793,
442.1900,
442.8349,
443.0028,dCDP [M+F [CORR]]-
443.1227,
443.3016,
443.3757,
443.8755,
443.9763,
444.0315,
444.1264,
444.1638,Tetrahydrofolate [M-H]-
444.2957,
444.8164,
444.9767,
445.0157,
445.0877,S-Glutathionyl-L-cysteine [M+F]-
445.1532,
445.3123,
445.9031,
446.1210,
446.2886,
446.8415,
446.9675,
447.1112,
447.2930,
447.9131,
448.0072,ADP [M-H [CORR]]-
448.1051,
448.3063,
448.8855,
449.0026,
449.1081,
449.2140,
449.3097,
449.8754,
449.9868,
450.1077,
450.1706,
450.2637,
450.3558,
450.7544,
450.8642,
451.0284,
451.1792,
451.2780,
451.3694,Phylloquinol [M-H]-
451.9119,
452.0310,
452.1263,
452.2005,
452.2781,
452.7736,
452.9195,
453.0472,CDP [M-H [CORR]]-
453.1216,
453.1933,
453.2760,
453.3962,L-Glutamate [M-H [CORR]]-
453.5009,
453.9538,
454.4002,
454.4549,
454.7857,
454.8822,
455.0116,
455.0496,CDP [M-H [CORR]]-
455.1032,FMN [M-H]-
455.4006,
455.5677,
455.9499,
456.0523,Orotidine 5''-phosphate [M-H [CORR]]-
456.1063,
456.1678,"5,10-Methylenetetrahydrofolate [M-H]-"
456.2268,
456.7882,
456.8429,
456.9218,
457.0377,
457.8508,
457.9593,
458.0716,
458.1884,
458.3262,
458.8107,
458.9522,
459.0902,
459.1372,Propanoate [M-H [CORR]]-
459.3838,
459.8400,
459.9642,
460.0336,
460.0965,
460.1412,
460.2583,
460.7924,
460.9131,
460.9431,
461.0667,
461.1439,Folate [M+1 M+F]-
461.2647,
461.2998,
461.3485,
461.9637,
462.0685,"N6-(1,2-Dicarboxyethyl)-AMP [M-H]-"
462.1460,
462.2878,Fumarate [M-H [CORR]]-
462.3604,
462.8005,
462.9361,
463.0682,
463.1006,
463.2926,
463.8274,
463.8829,
463.9087,
463.9850,
464.0324,
464.1004,Citrate [M-H [CORR]]-
464.1715,Tetrahydrofolate [M+F]-
464.2913,Succinate [M-H [CORR]]-
464.3874,
464.8254,
464.9841,
465.0222,
465.1021,
465.1715,Tetrahydrofolate [M+1 M+F]-
465.2996,
466.0141,
466.0985,
466.1904,
466.2765,
466.8491,
466.9981,
467.0721,
467.1852,
467.2814,
467.8838,
468.0103,ADP [M.H/NaM+F]-
468.1124,
468.1962,
468.8823,
468.9717,
469.0550,
469.1172,
469.1837,
469.2267,
469.2971,
469.3776,
469.9452,
469.9882,
470.0530,
470.1522,
470.2527,
470.7671,
470.8511,
470.9723,
471.0894,
471.1722,5-Formiminotetrahydrofolate [M-H]-
471.2517,
471.8761,
471.9299,
471.9694,
472.0789,
472.2040,4-Aminobutanoate [M-H [CORR]]-
472.3589,
472.4865,
472.5438,
472.8201,
473.0005,
473.0504,
473.2044,
473.3409,Phylloquinol [M.H/Na-H]-
474.0432,
474.2012,
474.7895,
474.9771,
475.0649,
475.1437,
475.1614,
475.8486,
475.9575,
476.6266,
476.7669,
476.8904,
477.0403,4-Oxoproline [M-H [CORR]]-
477.0886,
477.1369,
477.2573,
477.9366,
478.2922,
478.8187,
479.8542,
479.9743,
480.0399,
480.1654,
480.2885,
480.8001,
480.9699,
481.0735,
481.1094,
481.1916,
481.2571,Succinate [M-H [CORR]]-
481.3186,
481.4157,
481.9199,
481.9788,CTP [M-H]-
482.0736,"N6-(1,2-Dicarboxyethyl)-AMP [M+F]-"
482.1090,
482.2546,
482.8091,
482.9641,UTP [M-H]-
483.0500,Orotidine 5''-phosphate [M-H [CORR]]-
483.1328,
483.1899,
483.2716,
483.3078,
483.8578,
483.9771,
484.0492,"N6-(1,2-Dicarboxyethyl)-AMP [M.H/Na-H]-"
484.1342,
484.2533,
484.3188,
484.8358,
484.9684,
485.0924,
485.2085,
485.3025,
485.8675,
486.0819,
486.7450,
486.8022,
486.9539,
487.0807,
487.1780,
487.2115,Sucrose [M-H [CORR]]-
487.8370,
487.9119,
487.9825,
488.0838,
488.1643,Succinate [M-H [CORR]]-
488.2717,
488.3340,
488.8124,
488.9713,
489.0443,
489.0706,
489.1052,
489.1758,L-Glutamate [M-H [CORR]]-
489.3211,
489.3713,
489.8845,
489.9952,dATP [M-H]-
490.1045,
490.1696,
490.2753,Glutathionylspermine [M-H]-
490.3182,Orotidine 5''-phosphate [M-H [CORR]]-
490.3677,
490.7759,
490.8674,
491.0273,
491.1332,
491.1797,5-Formiminotetrahydrofolate [M+F]-
491.3212,
491.3665,
491.5517,
491.9471,
492.0398,
492.1417,
492.2605,
492.7435,
492.8578,
493.0598,
493.1471,
493.2437,
493.9086,
493.9886,"7,8-Dihydroneopterin 3''-triphosphate [M-H]-"
494.1739,
494.2471,
494.4788,
494.7957,
494.9721,
495.0615,Orotidine 5''-phosphate [M-H [CORR]]-
495.1260,"1-Nitro-7-hydroxy-8-glutathionyl-7,8-dihydronaphthalene [M-H]-"
495.1744,
495.2712,
495.9790,
496.1745,
496.2730,
496.7772,
496.9033,
496.9717,
497.0572,Orotidine 5''-phosphate [M-H [CORR]]-
497.0823,Orotidine 5''-phosphate [M-H [CORR]]-
497.1520,
497.2088,
497.2736,
497.9251,
497.9972,
498.0562,
498.0845,
498.2907,
498.7814,
498.9146,
499.0386,
499.1185,
499.2202,
499.2944,
499.8384,
499.9694,
500.0409,
500.1116,Yersiniabactin [M+F]-
500.1953,
500.2888,
500.6608,
500.8018,
501.0804,
501.1949,4-Oxoproline [M-H [CORR]]-
501.2756,
501.3403,
501.9581,
502.0556,Sucrose [M-H [CORR]]-
502.1827,
502.7806,
502.9216,
502.9622,
503.0561,
503.1641,Raffinose [M-H]-
503.2381,
503.2608,
503.3027,
503.8281,
503.9676,
504.0593,
504.1599,
504.7904,
504.9457,
505.0609,
505.1513,
505.2364,
505.8672,
505.9290,
505.9870,ATP [M-H]-
506.0760,
506.1884,O-Phospho-L-serine [M-H [CORR]]-
506.2810,
506.3335,
506.8085,
506.9859,ITP [M-H]-
507.0603,
507.1290,
507.1908,D-Alanyl-D-alanine [M-H [CORR]]-
507.2930,
507.8940,
507.9589,
507.9894,
508.0611,
508.1917,
508.7193,
508.8285,
508.9779,
509.0630,
509.1976,
509.2861,
509.7345,
509.8776,
509.9847,
510.0656,
510.1458,
510.2864,Glutathionylspermine [M+F]-
510.7715,
510.9671,
511.1144,
511.2467,
511.2819,
511.4818,
511.9654,
512.1137,
512.2703,Fumarate [M-H [CORR]]-
512.7556,
512.8416,
513.0197,
513.1217,CDP [M-H [CORR]]-
513.2735,
513.9072,
514.0289,(2S)-Lactyl-2-diphospho-5''-guanosine [M-H]-
514.1253,
514.2857,
514.7577,
515.0144,
515.1157,
515.2882,
515.7836,
515.8933,
515.9329,
516.0132,
516.1588,
516.2029,
516.2857,
516.5836,
516.7744,
516.9900,
517.0664,
517.1629,
517.2896,
517.4299,
517.8258,
517.9691,
518.0647,Yersiniabactin [M.H/K-H]-
518.1524,
518.2199,
518.2943,
518.3507,
518.7583,
518.8790,
519.0293,
519.0850,Bis-gamma-glutamylcystine [M.H/Na-H]-
519.2263,
519.3111,
519.9469,
520.0315,
520.1981,
520.7589,
520.9201,
521.0351,
521.0878,
521.1430,
521.1734,
521.2755,
521.9799,GTP [M-H]-
522.0923,
522.1737,
522.2353,
522.2838,
522.3105,
522.7850,
522.9700,XTP [M-H]-
523.0517,
523.1732,
523.2922,
523.9503,
524.0375,
524.1643,
524.2514,
524.2979,
524.8031,
524.9715,
525.0395,
525.1147,
525.2932,
525.8498,
525.9559,
526.0367,
526.1204,
526.1751,
526.2433,
526.3432,
526.9321,
527.0272,
527.0970,
527.1653,
527.2036,
527.2518,
527.3388,
527.8380,
527.9702,ATP [M.H/Na-H]-
528.0988,
528.2619,
528.7346,
528.7931,
528.9663,
529.0592,"dTDP-3-oxo-4,6-dideoxy-D-glucose [M-H]-"
529.2010,
529.3958,
530.0449,
530.1681,
530.2746,Taurocholate [M-H]-
530.8066,
530.9703,
531.0798,dTDP-L-olivose [M-H]-
531.1697,
531.2697,
531.8902,
532.7509,
532.9510,
533.0872,
533.1660,
533.2663,
533.9955,
534.0869,Lipoyl-AMP [M-H]-
534.1510,
534.2820,
534.7325,
535.0060,
535.0875,
535.1730,
535.2548,
535.8360,
535.9260,
536.0096,
536.0861,
536.3061,L-Phenylalanine [M-H [CORR]]-
536.5815,
536.8834,
537.0043,
537.0632,
537.1329,
537.1806,
537.2892,
537.3542,
537.8998,
538.0579,
538.1371,
538.2851,
538.7644,
539.9305,
540.0535,
540.1877,
540.3004,Fumarate [M-H [CORR]]-
540.7729,
540.9178,UTP [.NaCl-H]-
541.0832,
541.1781,
541.2983,Orotidine 5''-phosphate [M-H [CORR]]-
541.3581,
541.8261,
541.9301,
542.0582,4-(Cytidine 5''-diphospho)-2-C-methyl-D-erythritol [M.H/Na-H]-
542.1615,
542.2380,
542.7862,
542.9035,
543.0680,
543.1054,
543.1416,
543.2383,
543.3423,
543.4266,
543.8830,
543.9481,5''-Methylthioadenosine [M-H [CORR]]-
544.0591,
544.1636,
544.2403,
544.7731,
544.9675,
545.0363,
545.2520,
545.9596,
546.0205,
546.0726,3-Carboxy-1-hydroxypropyl-ThPP [M+F]-
546.1290,
546.2541,
546.5787,
546.7773,
547.0741,dTDP-6-deoxy-L-mannose [M-H]-
547.9679,
548.0164,
548.0813,
548.1667,
548.2330,
548.7387,
548.7795,
548.9942,
549.0856,
549.1647,
549.3144,
549.9559,"2,5-Diaminopyrimidine nucleoside triphosphate [M.H/K-H]-"
550.0989,"dTDP-3-amino-3,4,6-trideoxy-D-glucose [M+F]-"
550.2419,
550.7261,
550.9741,
551.0122,
551.0998,
551.3202,
551.8770,
551.9849,
552.1304,
552.2404,
552.4876,
552.9774,
553.0922,
553.1850,
553.2491,
553.3094,
553.8648,
553.9860,"2,5-Diaminopyrimidine nucleoside triphosphate [M.H/NaM+F]-"
554.0650,
554.1058,
554.2058,Desmethyldescarbamoylnovobiocin [M-H]-
554.2807,
554.5639,
554.7389,
554.9057,
555.0648,
555.1166,
555.2013,
555.2724,
555.3315,
555.9122,
555.9998,
556.1039,
556.1693,
556.2728,
556.7471,
556.8980,
556.9989,
557.0697,
557.1673,
557.2068,
557.2759,
557.3353,
557.5671,
557.7969,
557.9107,
558.0638,ADP-ribose [M-H]-
558.2742,
558.7646,
558.8763,
559.0436,L-Glutamate [M-H [CORR]]-
559.2300,
559.7814,
559.9386,GTP [M.H/K-H]-
560.0478,
560.2641,
560.7456,
560.9211,
561.0192,
561.0707,
561.2480,Protoporphyrin [M-H]-
561.7696,
562.0116,
562.2566,
562.7600,
563.0197,
563.0600,dTDP-glucose [M-H]-
563.1511,
563.2496,
563.4973,
563.9969,
564.1450,
564.3055,
564.7705,
564.8957,
565.0511,UDP-glucose [M-H]-
565.1659,Orotidine 5''-phosphate [M-H [CORR]]-
565.2286,
565.2568,
565.3150,
565.5548,
565.9307,5''-Methylthioadenosine [M-H [CORR]]-
566.0553,UDP-glucose [M+1  M-H]-
566.1680,
566.2625,
566.7818,
567.4741,
567.8445,
567.9672,
568.1021,
568.2312,Descarbamoylnovobiocin [M-H]-
568.7959,
568.9624,
569.0610,UDP-L-rhamnose [M+F]-
569.1659,
569.2228,
569.3170,
569.4474,
569.9524,
570.0658,
570.2024,
570.3003,
570.7295,
571.0819,
571.2817,
571.8665,
571.9631,
572.0286,
572.1008,
572.2448,
572.7690,
572.9621,
573.0738,
573.1554,
573.2493,
573.3184,
573.7687,
574.0447,
574.1600,
574.2487,
574.6116,
574.7471,
574.8345,
575.0165,L-Glutamate [M-H [CORR]]-
575.1018,
575.3561,"3-(3,4-Dihydroxyphenyl)pyruvate [M+F [CORR]]-"
575.4584,
575.9050,3''-Phosphoadenylylselenate [M.H/Na-H]-
576.0397,UDP-L-Ara4N [M.H/NaM+F]-
576.2672,
576.3586,
576.5492,
576.7219,
576.8926,
576.9943,
577.3561,
577.8949,
578.0068,
578.0689,ADP-ribose [M+F]-
578.1428,
578.2457,
578.3546,
578.7467,
579.0051,
579.1334,
579.2535,
579.8921,
580.0296,
580.1219,
580.3265,
580.7550,
580.9606,
581.0256,
581.0880,
581.1692,
581.2952,
581.8415,
581.9159,
581.9592,
582.0127,
582.1021,
582.1691,
582.2740,
582.5089,
582.7632,
582.8991,
583.0136,dTDP-4-dehydro-6-deoxy-beta-L-mannose [M.H/K-H]-
583.0805,
583.1692,
583.2763,
583.8240,
583.9436,
584.0602,
584.1689,
584.2452,
584.2939,
584.3489,
584.5342,
585.0429,
585.3133,
585.3655,
585.4874,
585.6032,
585.9330,
586.0722,GDP-4-dehydro-6-deoxy-D-mannose [M-H]-
586.1772,
586.3110,
586.7633,
587.0310,UDP-glucose [M.H/Na-H]-
587.2348,
587.2905,D-Urobilin [M-H]-
587.8522,
587.9321,
588.0282,
588.1135,
588.2024,
588.7208,
589.0506,
589.1575,
589.2448,
589.3246,
589.7783,
589.9629,
590.0401,
590.2433,
590.7441,
591.0435,
591.1409,
591.3291,I-Urobilinogen [M-H]-
591.7922,
592.0121,UDP-L-Ara4N [.NaCl-H]-
592.1568,
592.2550,
592.7084,
592.7753,
592.9665,
593.0757,
593.1666,
593.2631,
593.8034,
593.8539,
593.9673,
594.1176,
594.1571,
594.2223,
594.2658,
594.9632,
595.0553,
595.3204,
595.6635,
595.9765,
596.0191,ADP-ribose [M.H/K-H]-
596.1650,
596.2852,
596.6686,
596.7123,
596.8200,
596.9968,L-Glutamate [M-H [CORR]]-
597.0830,
597.1586,
597.2906,
597.3518,
597.4072,
597.8189,
597.8882,
598.0003,
598.0796,
598.1432,
598.2567,
598.3422,
598.7560,
598.9984,
599.2636,
599.4022,
599.4894,
600.0170,
600.1147,
600.2583,Streptomycin [M+F]-
600.4107,
600.5014,
600.7558,
600.9728,
601.0340,
601.1250,
601.2530,Biliverdin [M+F]-
601.3765,
601.7845,
601.9561,"Guanosine 3'',5''-bis(diphosphate) [M-H]-"
602.0263,
602.1088,
602.2582,
602.7450,
603.0054,
603.1484,
603.2693,Bilirubin [M+F]-
603.3617,
603.8173,
604.0060,
604.1453,
604.2307,
604.8926,
605.0119,
605.0831,
605.1314,
605.2619,
605.3636,
605.4785,
605.9268,
606.0734,UDP-N-acetyl-alpha-D-glucosamine [M-H]-
606.2033,
606.4218,
606.4539,
606.6562,
606.7295,
607.0721,
607.1569,
607.2514,(3Z)-Phycocyanobilin [M.H/Na-H]-
607.3384,
607.4128,
607.6586,
607.9268,
608.0202,
608.1248,
608.2603,
608.7764,
608.9375,
609.0274,
609.1121,
609.2036,
609.3443,
609.8304,
609.9727,
610.1016,
610.1976,
610.3188,
610.7555,
610.9360,
611.0581,
611.1454,Glutathione disulfide [M-H]-
611.9414,
612.0470,
612.1489,Glutathione disulfide [M+1  M-H]-
612.2600,
612.3312,
612.4176,
612.7712,
612.9773,
613.1428,CMP-N-acetylneuraminate [M-H]-
613.2585,
613.3369,L-Urobilin [M+F]-
613.4540,
613.8854,
614.0494,
614.1397,
614.2361,
614.3280,
614.6438,
614.7389,
615.0582,
615.1446,
615.2399,
615.3857,
615.6417,
615.9842,
616.1018,
616.2390,
616.3845,
616.7273,
617.0161,
617.2388,
617.4225,
617.6464,
617.7091,
618.0056,
618.0850,ADP-D-glycero-beta-D-manno-heptose [M-H]-
618.1433,
618.2377,
618.4269,
618.8724,
618.9797,
619.2781,
619.3615,
619.4344,
619.8020,
619.8816,
619.9958,
620.1183,
620.2256,
620.4310,
620.5305,
620.9842,
621.0680,
621.2369,
621.7865,
621.9056,
621.9547,"Guanosine 3'',5''-bis(diphosphate) [M+F]-"
622.0134,
622.1170,
622.1670,
622.2596,
622.7502,
623.0464,
623.2147,
623.3684,
623.9117,
624.0074,
624.0902,
624.2619,
624.3270,
624.4710,
625.0619,
625.3767,
625.6320,
625.8053,
625.9552,
626.1372,
626.2987,
626.5215,
626.6360,
627.0343,
627.1331,
627.2990,
627.3988,
627.7328,
628.0524,
628.1312,
628.2028,
628.3006,
628.6345,
628.6854,
628.7400,
629.0272,
629.4148,
629.9280,
630.0285,
630.1061,
630.2136,
630.3048,
630.4223,
630.7407,
631.0444,
631.2219,Protochlorophyllide [M+F]-
631.3680,
631.8365,
631.9939,
632.0688,
632.2118,
632.4311,
633.0268,
633.1270,Glutathione disulfide [M.H/Na-H]-
633.2062,Novobiocin [M.H/Na-H]-
633.2895,
633.3994,"3-(3,4-Dihydroxyphenyl)pyruvate [M+F [CORR]]-"
633.5112,
633.6173,
633.9320,
633.9998,
634.1288,"Aflatoxin B1exo-8,9-epoxide-GSH [M-H]-"
634.2433,
634.4461,
634.8683,
634.9560,
635.1215,CMP-N-acetylneuraminate [M.H/Na-H]-
635.2390,
635.4031,
635.8467,
635.9687,
636.1111,
636.2322,
636.4089,
636.6227,
636.9624,
637.0397,
637.1176,Luteolin 7-O-[beta-D-glucuronosyl-(1->2)-beta-D-glucuronide] [M-H]-
637.3004,
637.4066,
637.6231,
637.8474,
637.9870,
638.1053,
638.2728,
638.4171,
639.0328,
639.2191,
639.3019,
639.9057,"Guanosine 3'',5''-bis(diphosphate) [M.H/K-H]-"
640.0220,
640.2424,
640.4205,
640.9776,
641.0450,
641.1163,
641.2420,
641.3986,
641.7848,
642.0226,
642.1093,
642.2719,
642.7622,
643.0161,
643.2851,
643.4271,
643.8817,
644.0161,
644.2735,
644.4344,
644.6109,
644.7120,
644.9726,
645.0949,
645.2803,
645.4243,
645.6070,
645.9934,
646.0766,
646.2134,
646.2632,
646.4455,
646.5419,
646.8891,
647.0131,
647.2533,
647.4483,
647.6126,
647.8653,
647.9388,
648.0504,
648.1097,
648.1800,
648.2682,
648.3381,
648.4617,
648.9314,
649.0129,UDP-6-sulfoquinovose [M+F]-
649.1001,
649.2538,
649.8093,
650.0179,UDP-6-sulfoquinovose [M+1 M+F]-
650.1040,
650.2168,
650.3949,
650.9411,
651.0947,CMP-N-acetylneuraminate [M.H/K-H]-
651.2168,
651.4285,
651.8176,
651.9590,
651.9919,
652.0845,
652.2150,
652.4279,
653.0810,
653.2100,Novobiocin [M.H/NaM+F]-
653.3104,
653.4287,
653.8270,
653.9386,
654.0785,
654.1552,
654.2536,
654.4072,
655.0295,
655.1093,
655.2321,
655.2849,
655.4643,
655.6164,
655.8556,
656.0119,
656.1090,
656.2200,
657.0454,
657.8626,
658.0106,UDP-N-acetyl-2-amino-2-deoxy-D-glucuronate [M.H/K-H]-
658.0905,
658.2100,
658.4563,
659.0014,
659.2843,
659.4526,
659.7461,
660.0155,
660.0666,
660.1323,
660.2351,
660.4612,L-Glutamate [M-H [CORR]]-
660.8075,
660.9708,
661.0365,
661.2932,
661.4653,
661.4945,
661.8715,
661.9767,
662.1028,Sucrose [M-H [CORR]]-
662.2699,
662.3875,
662.4778,Glutathione [M-H [CORR]]-
662.8753,
662.9863,
663.1060,NAD+ [M-H]-
663.2225,
663.4083,
663.4805,
663.5094,
663.5901,
663.9049,
663.9870,
664.1163,NADH [M-H]-
664.1515,
664.2363,
664.4223,
664.4820,
664.9930,
665.1145,
665.1986,Stachyose [M-H]-
665.4433,
665.5154,
665.8621,
666.0184,
666.0812,
666.2131,
666.4456,
666.5338,
666.5620,
666.6229,
667.0298,
667.3355,
667.4381,
667.8173,
668.1369,Enterochelin [M-H]-
668.5737,
668.6384,
668.9673,
669.1403,Enterochelin [M+1  M-H]-
669.4499,
669.5384,
669.8551,
669.9126,
670.0471,
670.1420,Enterochelin [M-H [CORR]]-
670.2881,
670.6622,
670.9243,
671.0077,
671.0832,
671.1316,
671.2670,
671.3273,
671.4477,
671.8201,
671.8924,
671.9858,
672.0874,
672.1896,
672.2698,
672.4636,
673.0722,
673.1794,
673.2703,
673.4430,
673.8432,
673.9752,
674.0690,
674.1840,
674.3295,
674.4773,
674.5948,
674.8959,
674.9925,
675.1752,
675.3857,
675.4772,
675.5031,
675.8381,
675.9837,
676.1168,
676.2206,
676.4853,
676.9498,
677.0894,
677.2287,
677.4521,
677.8655,
677.9778,
678.0946,UDP-N-acetylmuramate [M-H]-
678.2105,
678.2807,
678.3857,
678.4751,
679.0088,
679.0815,
679.1826,
679.4586,
679.5444,
679.8703,
679.9647,
680.0507,
680.1853,
680.2318,
680.4609,
680.5339,
680.9807,
681.3251,
681.4658,
681.8481,
681.9716,
682.0720,
682.1195,
682.2234,
682.2810,
683.0190,
683.1033,
683.2266,
683.3127,
683.4390,
683.7733,
683.8777,
683.9546,
684.0214,
684.0810,
684.2284,
684.3213,
684.8880,
685.0146,
685.2270,Stachyose [M+F]-
685.3161,
685.4361,
685.6077,
685.8880,
686.0283,
686.1420,Dephospho-CoA [M-H]-
686.2499,
686.4775,
686.5246,
686.9858,
687.0510,
687.1275,
687.4738,
687.8675,
687.9780,
688.0580,
688.1643,
688.4915,
689.0134,
689.0848,"3'',5''-Cyclic diGMP [M-H]-"
689.1566,
689.4958,
689.6201,
689.9510,
690.0479,
690.0915,"3'',5''-Cyclic diGMP [M+1  M-H]-"
690.5046,Glutathione [M-H [CORR]]-
690.5839,
690.9527,
691.0272,
691.1618,
691.4539,
691.8468,
692.0851,
692.2514,
692.4576,
692.6220,
692.9266,
693.0840,
693.2484,
693.4702,
693.6023,
693.9737,
694.0336,
694.0848,
694.1629,
694.2547,
694.4738,L-Glutamate [M-H [CORR]]-
694.5553,
694.6120,
694.9633,
695.0705,
695.2896,
695.4790,
695.8217,
695.9741,
696.0614,
696.1508,
696.2186,
696.3146,
696.4868,
696.5945,
696.8370,
697.0311,
697.1606,
697.3205,
697.4690,
697.8292,
697.9729,
698.0094,
698.0932,
698.2048,
698.3287,
699.0188,
699.0662,
699.1938,
699.3012,
699.4575,
699.7773,
699.8334,
699.8715,
699.9941,
700.0669,
700.1838,
700.2432,
700.4943,
700.8956,
700.9856,
701.1519,
701.4830,
701.8600,
701.9239,Guanosine 3''-diphosphate 5''-triphosphate [M+F]-
701.9954,
702.0754,NADH [M.H/K-H]-
702.5101,
702.6503,
702.9620,
703.0764,
703.2344,
703.5115,
703.8451,
703.9715,
704.0965,
704.2216,
704.3799,
704.5153,
704.5545,
704.9891,
705.0888,
705.1847,
705.4732,
705.9525,
706.0071,
706.0998,
706.2050,
706.4775,
706.7164,
707.0005,
707.0774,5''-Phosphoguanylyl(3''->5'')guanosine [M-H]-
707.1754,
707.2778,
707.4852,
707.8652,
708.0263,
708.1146,
708.1790,
708.2816,
708.3722,
708.4915,
708.5562,
708.8860,
709.0402,
709.0999,"3'',5''-Cyclic diGMP [M+F]-"
709.1977,
709.2361,
709.2913,
709.3378,
709.4263,
709.4887,
709.8845,
710.0493,
710.4257,Lipid X [M-H]-
710.4725,
710.5637,
711.0555,
711.3305,
711.8908,
711.9599,
712.0188,
712.0895,
713.0073,
713.0907,
713.3654,
713.4965,
713.8287,
713.8773,
714.0658,
714.1547,
714.2659,
714.5087,
714.5807,
714.6179,
714.9863,
715.0660,
715.1552,
715.5012,
715.6255,
715.9748,
716.0473,
716.2670,5-Methyltetrahydropteroyltri-L-glutamate [M-H]-
716.5204,
716.6421,
716.9723,
717.0413,
717.0941,
717.1933,
717.4786,
717.8488,
717.9720,
718.0608,
718.2025,
718.3903,
718.4842,
718.9398,
719.0459,
719.1981,
719.4874,L-Aspartate [M-H [CORR]]-
719.8157,
719.9515,
720.0697,
720.4915,Citrate [M-H [CORR]]-
720.6786,
720.8225,
720.9324,
721.0572,
721.1706,
721.4992,Pantothenate [M-H [CORR]]-
721.6394,
721.7051,
721.8359,
721.9507,
722.0579,
722.1704,
722.2838,Trypanothione [M-H]-
722.3840,
722.5024,
722.8584,
722.9704,
723.0358,Adenylated molybdopterin [M-H]-
723.3427,
723.5075,
723.8664,
723.9775,
724.0761,
724.5111,
725.0177,
725.2052,
725.3208,
725.4912,
725.8826,
726.0245,
726.1337,
726.1922,
726.3407,
726.4253,
727.0005,
727.1757,
727.5033,
727.8730,
728.0249,
728.1156,
728.2108,
728.5268,
728.9851,
729.1371,
729.2205,
729.5267,
729.8357,
730.0406,
730.2239,
730.3690,
730.5151,
730.9501,
731.0419,L-Glutamate [M-H [CORR]]-
731.1585,
731.2520,
731.4868,
731.8425,
732.0421,
732.1241,
732.1922,
732.3950,
732.4916,
732.8594,
732.9446,
733.0408,
733.3226,
733.5032,Citrate [M-H [CORR]]-
733.6801,
733.7018,
733.8291,
733.8981,
734.0113,
734.0360,
734.1402,
734.3765,
734.5065,Pantothenate [M-H [CORR]]-
734.6943,
734.9127,
735.0245,
735.3817,
735.5089,
735.6311,
735.9358,
736.0492,
736.1419,
736.1812,
736.4011,
736.5122,
736.5883,
736.9033,
736.9575,
737.0474,
737.1262,
737.2285,
737.3239,
737.4073,
737.5120,
737.8362,
737.9097,
738.0433,
738.1668,
738.2103,
738.5244,
738.9491,
738.9986,
739.1867,
739.3052,
739.3718,
739.4924,
739.8722,Guanosine 3''-diphosphate 5''-triphosphate [.NaCl-H]-
739.9641,
740.0439,
740.1716,
740.3519,
740.4473,
740.4902,
741.0083,
741.1766,
741.4979,
741.8508,
741.9856,
742.0673,
742.1754,
742.5388,
742.9800,
743.0624,Adenylated molybdopterin [M+F]-
743.1352,
743.1729,
743.2131,
743.7818,
743.8748,
743.9782,
744.0868,NADPH [M-H]-
744.2153,
744.2492,
744.5154,
744.8574,
744.9529,
745.0820,
745.2065,
745.3929,
745.5034,Pantothenate [M-H [CORR]]-
745.8639,
745.9663,
746.0727,
746.2122,
746.3511,
746.5069,
746.9796,
747.0783,
747.1636,
747.5191,Pantothenate [M-H [CORR]]-
747.9603,
748.0511,
748.1853,
748.5216,
748.6589,
748.9826,
749.0545,
749.2170,
749.5162,
749.7840,
749.8449,
749.9022,
749.9352,
749.9899,
750.0698,
750.1756,
750.2568,
750.4971,
750.8766,
750.9735,
751.0340,
751.1018,
751.2027,
751.4011,
751.4835,
751.9009,
752.0460,
752.4894,
752.9470,
753.0721,
753.1811,
753.4835,
753.8876,
753.9353,
754.0463,
754.1363,
754.1804,
754.3668,
754.4577,
754.6353,
754.9280,
755.0166,
755.0660,
755.1647,
755.5049,
755.7851,
755.9680,
756.0608,
756.1552,
756.2798,
756.4940,
757.0171,
757.1542,
757.4977,
757.8695,
758.0420,
758.5226,
758.9996,
759.0460,
759.1013,
759.5177,
759.6183,
759.8571,
759.9495,
760.0085,
760.0748,
760.1205,
760.1904,
760.5174,
760.6037,
760.9305,
761.0741,
761.1794,
761.5297,
761.6127,
761.9441,
762.0787,
762.1833,
762.5323,
762.6151,
762.9789,
763.0632,
763.1352,
763.5266,
763.6334,
763.9608,
764.0504,
764.5148,
764.9912,
765.0538,
765.1469,
765.1898,
765.5057,
765.6167,
765.8428,
765.9354,
766.1009,CoA [M-H]-
766.3843,
766.4656,
767.0931,
767.1806,
767.3493,
767.4618,
767.7272,
767.8466,
767.9099,
768.0351,
768.0849,
768.2042,
768.4847,
768.8955,
768.9795,
769.0545,
769.1281,
769.4613,
769.5147,
769.8466,
769.8937,
770.0390,
770.1310,
770.3870,
770.4985,
770.5778,
771.0433,
771.3618,
771.5194,
771.8622,
771.9534,
772.0427,
772.1337,
772.3446,
772.5167,
772.9039,
773.0400,
773.1418,
773.4007,
773.5345,
773.9386,
774.0377,
774.1069,
774.1912,
774.4365,
774.5348,
774.9682,
775.0609,
775.1574,
775.5303,
776.0748,
776.5252,
776.9072,
777.0536,
777.1640,
777.3706,
777.4537,
778.0484,
778.4552,
778.7058,
778.9311,
779.0363,
779.1795,
779.4609,
779.7668,
779.8982,
779.9324,
780.0289,
780.1580,
780.2639,
780.4020,
780.4709,
780.5529,
781.0168,Adenylated molybdopterin [.NaCl-H]-
781.2004,
781.4686,
781.5591,
781.8942,
781.9743,
782.0542,
782.1804,
782.4885,
782.8376,
782.9777,
783.0600,
783.1935,
783.3133,
783.5158,
784.0769,
784.1334,FAD [M-H]-
784.4190,
784.5158,
785.0497,
785.1392,
785.2333,
785.5250,
785.8577,
785.9673,
786.0352,
786.4734,
786.5311,
786.5646,
787.0603,
787.2214,
787.4798,
787.5314,
787.7490,
788.0220,
788.0847,
788.1272,
788.2245,
788.5002,
788.9588,
789.0597,
789.1727,
789.5109,
789.6190,
790.0947,
790.5137,
790.8863,
790.9705,
791.0430,
791.1239,
791.3639,
791.5284,
791.8580,
791.9637,
792.0513,
792.1374,
792.3925,
792.5278,
792.8828,
792.9218,
793.0254,
793.4055,
793.4692,
794.0280,
794.4297,
794.8618,
794.9512,
795.1777,
795.5086,
796.0250,
797.0465,
797.1705,
797.5110,
797.8814,
797.9570,
798.0390,
798.1497,
798.5072,
798.9538,
799.0392,
799.0981,
799.1793,
799.5287,
799.6174,
799.9137,
799.9483,
800.0423,
800.1597,
800.4961,
800.6443,
800.9538,
801.0410,
801.1239,
801.4995,
801.5959,
801.9465,
802.0374,
802.1868,
802.5158,
802.5524,
802.6541,
802.9324,
803.0345,
803.1820,
803.4718,
803.5277,
803.6505,
804.0515,
804.1629,FAD [M+F]-
804.5333,
804.7983,
804.9493,
805.0499,
805.1633,
805.3269,
805.5168,
805.8563,
805.9980,
806.1004,
806.4121,
806.5378,
806.8949,
807.0157,
807.0742,
807.1862,
807.4146,
807.5235,"3-(3,4-Dihydroxyphenyl)pyruvate [M+F [CORR]]-"
807.5645,N2-citryl-N6-acetyl-N6-hydroxy-L-lysine [M-H [CORR]]-
807.6664,
808.1166,Acetyl-CoA [M-H]-
808.5225,
808.9686,
809.1173,
809.2833,"5-Methyl-5,6,7,8-tetrahydromethanopterin [M+F]-"
809.5249,
809.8579,
810.0743,
810.5238,
810.6931,
811.0379,
811.2989,
811.5216,
812.0615,
812.4945,
812.7594,
813.0297,
813.1465,Luteolin 7-O-[beta-D-glucuronosyl-(1->2)-beta-D-glucuronide] M-4''-O-beta-D-glucuronide [M-H]-
813.2989,
813.5536,
814.0402,
814.5260,
815.0359,
815.5216,
816.0269,
816.2832,
816.5313,
817.0220,
817.2814,
817.4689,
817.5240,
818.0544,
818.4875,
818.9040,
819.0509,
819.1573,
819.4687,
820.0251,
820.5191,
821.0250,
821.1274,
821.5222,
821.8564,
821.9527,
822.0295,
822.5054,
822.6130,
822.9767,
823.1871,
823.2927,
823.5102,
824.0388,
824.4903,
824.7196,
825.0239,
825.2799,
825.5019,
826.0456,
826.4895,
827.0401,
827.1385,
827.5063,
827.9937,
828.5167,
829.0033,
829.1737,
829.5289,
829.7137,
830.1017,Acetyl-CoA [M.H/Na-H]-
830.5285,
830.9589,
831.0036,
831.1341,
831.4962,
831.5380,
831.6211,
832.1283,
832.5104,
832.7250,
833.0363,
833.1183,
833.3128,
833.5119,
834.0300,
834.5098,
834.9176,
835.0194,"P1,P4-Bis(5''-adenosyl) tetraphosphate [M-H]-"
835.5434,
836.0155,
836.6023,
836.9728,
837.0642,
837.1559,beta-Alanyl-CoA [M-H]-
837.2954,
837.4031,
837.5450,
837.6068,
837.7561,
838.0069,
838.4768,
839.0055,
839.0521,
839.4473,
839.5452,
839.8886,
840.0059,
840.0612,
840.4960,
840.6947,
840.9035,
840.9446,
841.0109,
841.1135,
841.2590,
841.4609,
841.5320,
841.7373,
842.0267,
842.5312,
842.9543,
843.0498,
843.3521,
843.5517,
843.9913,
844.2853,
844.5639,
844.9472,
845.0596,
845.1579,
845.5036,
845.7104,
845.9672,
846.0702,
846.5142,
846.8970,
846.9604,
847.0375,
847.1095,
847.5489,
847.6388,
847.9039,
847.9417,
848.0996,
848.4796,
848.5558,
848.6461,
848.7460,
849.1046,
849.2488,Cellopentaose [M.H/Na-H]-
849.5811,
850.0372,
850.4413,
850.5568,
850.9837,
851.2920,
851.4171,
851.5562,
852.0822,
852.5392,
852.8234,
852.9059,
853.0064,
853.0921,
853.3244,
853.4741,
854.0238,
854.5289,
855.0792,
855.4409,
855.5272,
855.7153,
855.8864,
855.9803,
856.0795,
856.1939,
856.4027,
856.4765,
856.5269,
856.6900,
856.9958,
857.0994,
857.2774,
857.4043,
857.5435,
857.9872,
858.5385,
859.0515,
859.5451,
860.0427,
860.4600,
860.5385,
860.9715,
861.0495,
861.1433,
861.4359,
861.4704,
861.5764,
862.0300,
862.5796,
863.0405,
863.5739,
864.0089,
864.2237,
864.5497,
864.7562,
864.9063,
865.0050,
865.0704,
865.3116,
865.5653,"3-(3,4-Dihydroxyphenyl)pyruvate [M+F [CORR]]-"
865.6967,
865.9109,
866.0034,
866.5678,
867.0097,
867.1084,
867.4426,
867.5621,
867.7972,
868.0407,
868.1174,
868.2827,
868.4252,
868.5557,
868.7549,
869.0421,
869.5463,
870.0630,
870.5408,
871.0497,
871.5463,
872.0573,
872.5446,
873.0120,
873.5281,
874.0401,
874.5223,
874.6848,
875.0353,
875.5828,
876.0526,
876.5755,
876.9805,
877.0943,
877.4368,
877.5535,
878.0148,
878.5627,
879.0147,
879.0756,
879.4249,Hydrogenobyrinate [M-H]-
879.5683,
880.0235,
880.5331,
880.9661,
881.0246,
881.4554,
881.5373,
882.0392,
882.5709,
883.0924,
883.5675,
884.0108,
884.4993,
885.0344,
885.5313,
886.0348,
886.5330,
887.0616,
887.5235,
888.0664,
888.5213,
889.0664,
889.5995,
890.0433,
890.5220,
891.0467,
891.5502,
892.0506,
892.5117,
893.0681,
893.4508,
893.5666,
894.0374,
894.5633,
894.9450,
895.0350,
895.1756,
895.4885,
895.6970,
895.9635,
896.5665,
896.9671,
897.0652,
897.5037,
898.0327,
898.4915,
898.7473,
899.0945,
899.5430,
900.0199,
900.5497,
900.9803,
901.0659,
901.1450,
901.5981,
902.0118,
902.5702,
903.0921,
903.5533,
904.0570,
904.4989,
904.7387,
905.0902,
905.4793,
905.6032,
905.9504,
906.0220,
906.4443,
906.5864,
907.0427,
907.4554,
907.6162,
908.0475,
908.6129,
909.0540,
909.5763,
910.0330,
910.5333,
911.0456,
911.5042,
912.0404,
912.4927,
912.7758,
913.0713,
913.5345,
914.0426,
914.5158,
915.0475,
915.5740,
916.0418,
916.5394,
917.1109,
917.4671,
917.5988,
918.0065,
918.5222,
918.5981,
918.9501,
919.0299,
919.1025,
919.4251,
919.4602,
919.5130,
919.6234,
919.7062,
920.0521,
920.2359,Decanoyl-CoA [M-H]-
920.4555,
920.6213,
921.0837,
921.6195,
922.0302,
922.5652,
922.9987,
923.1235,
923.4301,
923.4790,
923.6081,"3-(3,4-Dihydroxyphenyl)pyruvate [M+F [CORR]]-"
924.0445,
924.4851,
924.6107,
925.0352,
925.6078,"di-trans,poly-cis-Undecaprenyl diphosphate [M-H]-"
926.0466,
926.6047,
927.0740,
927.5764,
928.0506,
928.5160,
929.0758,
930.0320,
931.0315,
931.5861,
932.0346,
932.5161,
933.0829,
933.6306,
933.9953,
934.5768,
935.0358,
936.0453,
937.0719,
938.0637,
939.0763,
940.0014,
941.0035,
941.5555,
941.6497,
941.7848,
942.0061,
942.4824,
943.0104,
943.5708,
944.0372,
944.5195,
944.9464,
946.0001,
947.0729,
947.6500,
948.0409,
948.5393,
949.0631,
949.5128,
950.0572,
950.5097,
951.0653,
951.5370,
952.0601,
952.5390,
953.0610,
953.5550,
954.0350,
954.5060,
955.0864,
955.5392,
955.9710,
956.3848,
956.5028,
956.9722,"3-(3,4-Dihydroxyphenyl)pyruvate [M+F [CORR]]-"
957.0322,
957.2239,
957.3678,
957.4452,
957.9696,
958.4451,
958.5213,
958.6221,
958.9725,
959.6298,
959.9951,
960.4776,
960.6213,
961.0095,
961.0902,
961.4214,
961.6383,
962.0282,
962.5037,
962.5601,
963.0364,
963.6371,
964.0355,
964.6245,
965.0674,
965.6893,
965.9990,
966.6407,
967.0021,
967.6242,
967.8594,
968.0053,
968.4694,
969.0145,
969.5587,
970.0284,
970.5480,
971.0623,
971.5336,
972.0419,
972.4985,
973.0711,
974.0526,
974.4670,
974.7749,
975.0291,
975.0849,
975.3927,
975.4620,
975.6471,
976.0040,
976.4237,
976.6316,
977.0593,
977.6668,
978.0437,
978.6638,
979.0863,
979.4876,
979.6393,
980.0135,
980.5907,
981.0174,
981.6513,"3-(3,4-Dihydroxyphenyl)pyruvate [M+F [CORR]]-"
981.6872,
981.7631,
981.9059,
982.0130,
982.6835,
983.6487,
984.6585,
986.0655,
987.0781,
988.0415,
989.0396,
989.6326,
990.0295,
990.5482,
991.0773,
991.6743,
992.0433,
992.6535,
993.0456,
993.5116,
994.0284,
994.5082,
994.9377,
995.6200,
995.9893,
996.5143,
997.0571,
997.5821,
998.0321,
998.5130,
999.0224,
999.1048,
999.4623,
999.5823,
